observation_id,symbol,signal_time,day,gross_r_240m,net_r_normal,mfe_r_240m,mae_r_240m,market_regime,fvg_atr,c2_body_ratio,bars_to_touch
6,LINKUSDT,2026-09-28 17:01:04.654369+00,2026-09-28,0.0,-0.05465307859199408,0.4724,0.4895,HIGH_VOLATILITY,1.046270295131556,0.6889460154241643,1
38,VIRTUALUSDT,2026-09-28 21:01:47.918106+00,2026-09-28,-1.0,-1.0891751933682383,0.1981,1.8087,TREND_UP,0.4072533247802591,0.939393939393935,1
41,SPCXUSDT,2026-09-28 22:46:52.693679+00,2026-09-28,-1.0,-3.906068392848815,2.1763,5.9612,TREND_DOWN,0.2638975770034852,1.0,1
43,BCHUSDT,2026-09-28 22:51:57.52674+00,2026-09-28,-1.0,-1.3730070364798919,0.688,4.3001,RANGE,1.1325181446566106,0.8750000000000044,1
44,SPCXUSDT,2026-09-28 22:56:54.129395+00,2026-09-28,-1.0,-2.204531181160978,0.235,3.1339,TREND_DOWN,0.28457056502899064,0.8571428571426252,1
45,BTWUSDT,2026-09-28 23:01:52.013432+00,2026-09-28,0.0,-0.10014310245430556,1.9571,0.3052,HIGH_VOLATILITY,0.3032753956822904,0.6064039408867021,1
46,NEARUSDT,2026-09-28 23:06:42.816581+00,2026-09-28,-1.0,-1.23849691700904,0.6375,6.0681,HIGH_VOLATILITY,0.5544266876452755,0.8499999999999911,1
47,SUIUSDT,2026-09-28 23:06:45.229444+00,2026-09-28,-1.0,-1.426830664170835,0.5754,11.9448,HIGH_VOLATILITY,0.3834139464383258,0.7307692307691913,1
49,VIRTUALUSDT,2026-09-28 23:07:01.746296+00,2026-09-28,-1.0,-1.230564923206007,0.9162,6.8114,TREND_UP,0.6048617583582937,0.8648648648648811,1
51,VIRTUALUSDT,2026-09-28 23:17:04.40576+00,2026-09-28,-1.0,-1.1754973543487504,0.3321,5.5244,HIGH_VOLATILITY,0.31544859176587614,0.6282051282051279,1
52,KORUUSDT,2026-09-28 23:22:02.994101+00,2026-09-28,-1.0,-1.4240365321180308,2.5485,3.5287,TREND_DOWN,0.2475845872037955,0.5555555555555644,1
57,XAUTUSDT,2026-09-28 23:26:57.101695+00,2026-09-28,-1.0,-2.358590165118377,1.5023,2.3474,TREND_DOWN,0.8332730567019667,0.9523809523807873,1
65,ONDOUSDT,2026-09-29 00:06:54.104925+00,2026-09-29,-1.0,-1.1859434591674678,0.9158,5.1895,HIGH_VOLATILITY,0.41463733748945986,0.8421052631579132,1
67,TAOUSDT,2026-09-29 00:06:59.109861+00,2026-09-29,-1.0,-1.246925618051296,0.0228,5.3342,RANGE,0.4982302948248197,0.8,1
70,ZROUSDT,2026-09-29 00:07:07.724867+00,2026-09-29,-1.0,-1.1722052850686175,0.0,4.9375,HIGH_VOLATILITY,0.07809039297535628,0.6999999999999704,1
73,FARTCOINUSDT,2026-09-29 00:07:11.829022+00,2026-09-29,-1.0,-1.4133280653038163,1.7925,8.5759,HIGH_VOLATILITY,0.2830812815148326,0.7321428571428394,1
90,CLUSDT,2026-09-29 01:37:09.177355+00,2026-09-29,0.0,-0.3876905055586445,1.7116,0.8853,RANGE,0.24089527942308195,0.6428571428571646,1
100,XRPUSDT,2026-09-29 03:37:19.236198+00,2026-09-29,-1.0,-1.2958414847407551,1.7665,1.6626,TREND_DOWN,0.9795762044453546,0.9764705882352965,1
102,ETHUSDT,2026-09-29 03:37:19.738544+00,2026-09-29,-1.0,-1.652223322011665,5.6127,1.6319,TREND_DOWN,0.4203373574544622,0.9430894308942691,1
104,SOLUSDT,2026-09-29 03:37:20.333773+00,2026-09-29,-1.0,-1.394015008913308,2.752,1.4953,RANGE,0.7777482330771969,0.8571428571428695,1
105,HYPEUSDT,2026-09-29 03:37:22.040796+00,2026-09-29,3.0,2.3324465204532436,6.2337,0.44,TREND_DOWN,0.11801048565877625,0.7500000000000444,1
107,ADAUSDT,2026-09-29 03:37:28.44717+00,2026-09-29,-1.0,-1.2474812632398815,4.1656,1.1141,RANGE,0.7749543561986997,0.8749999999999978,1
108,PENGUUSDT,2026-09-29 03:37:40.054318+00,2026-09-29,-1.0,-1.217308653095523,4.0016,1.1803,HIGH_VOLATILITY,0.7591647242627034,0.9066666666666432,1
111,XAUUSDT,2026-09-29 03:42:25.415273+00,2026-09-29,-1.0,-2.7987943997981186,1.7995,3.7354,TREND_DOWN,0.40492181818813344,0.6736842105263888,1
112,XAUTUSDT,2026-09-29 03:42:35.726464+00,2026-09-29,-1.0,-3.096426431399712,2.2885,3.6616,TREND_DOWN,0.9592228856095482,0.8285714285713246,1
114,QNTUSDT,2026-09-29 04:02:26.349355+00,2026-09-29,3.0000000000000027,2.952003068808331,3.3528,0.4575,HIGH_VOLATILITY,0.49249227911308285,0.7982885085574595,1
123,CLUSDT,2026-09-29 05:30:18.357968+00,2026-09-29,-1.0,-1.9212353723262738,1.394,9.479,RANGE,0.8633754400068518,0.8000000000000758,1
131,BTCUSDT,2026-09-29 06:05:18.607085+00,2026-09-29,3.0,2.11815574834171,4.3469,0.0,RANGE,0.4555599582714641,0.6479128856623106,1
133,ETHUSDT,2026-09-29 06:05:20.119823+00,2026-09-29,3.0,2.3454170263825826,6.6167,0.0,RANGE,0.7543474026148296,0.8519230769231627,1
134,NVDAUSDT,2026-09-29 06:05:37.581426+00,2026-09-29,3.0,1.9500636526973292,6.2027,0.0,TREND_UP,0.508404131047479,0.6,1
135,FARTCOINUSDT,2026-09-29 06:05:40.089416+00,2026-09-29,3.0,2.586034600305216,8.7955,0.2479,TREND_DOWN,0.2764777087793443,0.5342465753424819,1
136,NEARUSDT,2026-09-29 06:10:19.622733+00,2026-09-29,0.0,-0.12923075817351484,1.513,0.4565,HIGH_VOLATILITY,0.8395769070564192,0.8571428571428571,4
137,LINKUSDT,2026-09-29 06:10:21.729048+00,2026-09-29,3.0,2.765347961506476,5.0549,0.6356,HIGH_VOLATILITY,0.16080593438839527,0.6341463414634315,2
138,HYPEUSDT,2026-09-29 06:10:22.029859+00,2026-09-29,0.0,-0.4816800360612613,2.7427,0.4702,TREND_DOWN,0.23384846883933819,0.8333333333333728,1
146,SNDKUSDT,2026-09-29 06:25:32.252678+00,2026-09-29,0.0,-0.30301178971408116,1.2464,0.4023,RANGE,1.661680407961467,0.8281397544853683,1
147,SPCXUSDT,2026-09-29 06:25:35.056042+00,2026-09-29,3.0,0.8733802961002186,5.4661,0.0,TREND_DOWN,0.5521254488388635,0.8333333333334912,1
148,XPLUSDT,2026-09-29 06:25:35.960752+00,2026-09-29,0.0,-0.07263592993087926,0.8104,0.4225,HIGH_VOLATILITY,0.4018604743016469,0.674418604651176,1
152,XPLUSDT,2026-09-29 06:30:36.501363+00,2026-09-29,0.0,-0.05129307139029239,0.5648,0.3056,HIGH_VOLATILITY,0.269859210878732,0.6153846153846118,1
155,ONDOUSDT,2026-09-29 06:40:29.210483+00,2026-09-29,0.0,-0.15787986438207977,2.0331,0.3776,RANGE,0.3762255277850414,0.8679245283019006,1
170,ETHUSDT,2026-09-29 06:56:32.768205+00,2026-09-29,0.0,-0.5249580371389067,2.5848,0.7323,RANGE,0.23234828789541598,0.797687861271731,1
176,SOLUSDT,2026-09-29 07:06:32.738427+00,2026-09-29,-1.0,-1.527296556774529,1.6205,1.0102,RANGE,0.6925455942003059,0.8205128205128018,1
178,SUIUSDT,2026-09-29 07:06:38.950488+00,2026-09-29,3.0,2.775885983741847,3.2955,0.1779,RANGE,0.6580683932729143,0.7444444444444266,1
181,XLMUSDT,2026-09-29 07:06:40.951082+00,2026-09-29,3.0,2.7109600766359683,3.2556,0.7837,TREND_UP,0.08518149075060034,0.5714285714285657,1
182,XLMUSDT,2026-09-29 07:06:40.951203+00,2026-09-29,0.0,-0.24477536287679266,2.757,0.6637,TREND_UP,0.08524712445553759,0.8571428571428741,2
185,WLDUSDT,2026-09-29 07:06:41.050054+00,2026-09-29,0.0,-0.06548819215836063,0.1423,0.5817,HIGH_VOLATILITY,0.8518132219125598,0.8148148148148152,1
187,LTCUSDT,2026-09-29 07:06:41.551005+00,2026-09-29,-1.0,-1.4501658380954092,1.531,1.1248,RANGE,0.19876669595722682,0.6249999999999408,1
189,UNIUSDT,2026-09-29 07:06:43.957618+00,2026-09-29,3.0,2.832022897159919,4.4009,0.0455,TREND_DOWN,1.0366681562458484,0.7285714285714279,1
191,1000PEPEUSDT,2026-09-29 07:06:44.858021+00,2026-09-29,3.0,2.6101455191896963,3.5168,0.4396,RANGE,0.2674803285031237,0.5333333333333372,1
193,SNDKUSDT,2026-09-29 07:06:46.170977+00,2026-09-29,0.0,-0.3541710421796985,0.9455,0.5079,RANGE,0.30149103939906685,0.8325526932084227,1
196,TRUMPUSDT,2026-09-29 07:06:51.071739+00,2026-09-29,0.0,-0.22898539057985703,1.9588,0.1632,RANGE,0.9247881431651267,0.9090909090909,1
198,PENGUUSDT,2026-09-29 07:06:54.080347+00,2026-09-29,0.0,-0.20624480895065628,2.6457,0.0208,HIGH_VOLATILITY,0.6922544150822354,0.8666666666666764,1
201,SPCXUSDT,2026-09-29 07:16:49.271493+00,2026-09-29,0.0,-0.8543150346652078,1.4416,0.5545,TREND_DOWN,0.840885360418086,0.8333333333332544,1
207,AAVEUSDT,2026-09-29 07:21:49.512458+00,2026-09-29,3.0,2.888000127980988,3.4959,0.0,HIGH_VOLATILITY,0.7471063383971902,0.935251798561148,1
209,NVDAUSDT,2026-09-29 07:21:56.922784+00,2026-09-29,3.0,0.7868328444734636,8.2031,0.0,TREND_UP,0.2435812963487107,1.0,1
213,SPCXUSDT,2026-09-29 07:26:51.388837+00,2026-09-29,-1.0,-2.993614714009742,2.9099,1.7459,TREND_DOWN,0.6459637025685058,1.0,1
220,PUMPFUNUSDT,2026-09-29 07:46:44.354544+00,2026-09-29,0.0,-0.05502156445684725,2.3313,0.4579,HIGH_VOLATILITY,1.258960111807835,0.6833333333333307,1
222,PENGUUSDT,2026-09-29 07:47:00.570319+00,2026-09-29,0.0,-0.10651024142619896,1.0702,0.2861,HIGH_VOLATILITY,0.5689924581035417,0.5725190839694648,1
224,TRUMPUSDT,2026-09-29 07:51:57.501885+00,2026-09-29,-1.0,-1.4537094728203204,2.6766,1.3918,RANGE,0.1469126131526806,0.6249999999999861,1
227,BTWUSDT,2026-09-29 07:56:52.327967+00,2026-09-29,-1.0,-1.2899187989795822,11.2761,9.1391,HIGH_VOLATILITY,0.21092681503351127,0.8045515394912928,1
232,SAMSUNGUSDT,2026-09-29 08:07:02.443411+00,2026-09-29,0.0,-0.42842628297406954,2.3323,0.2524,RANGE,0.195795949962954,0.762711864406756,1
238,BTWUSDT,2026-09-29 08:16:55.485476+00,2026-09-29,-1.0,-1.083166263962747,2.7285,3.0586,HIGH_VOLATILITY,0.5952293715380238,0.8610738255033538,1
240,PENGUUSDT,2026-09-29 08:17:03.677393+00,2026-09-29,0.0,-0.12807007905492268,2.7839,0.4185,HIGH_VOLATILITY,0.23441308887211695,0.6560000000000032,1
255,LINKUSDT,2026-09-29 09:33:34.21693+00,2026-09-29,0.0,-0.1316278185731154,1.0154,0.9543,HIGH_VOLATILITY,0.41585100453264556,0.8191489361702097,1
257,BTWUSDT,2026-09-29 09:33:44.931513+00,2026-09-29,-1.0,-1.0638469531939116,0.9835,3.3074,HIGH_VOLATILITY,0.45213177606854965,0.5016241299303947,1
260,FARTCOINUSDT,2026-09-29 09:38:52.924403+00,2026-09-29,3.0,2.8910641973960334,3.5533,0.117,RANGE,0.6056991088204927,0.9017857142856913,2
263,SUIUSDT,2026-09-29 09:48:36.152322+00,2026-09-29,0.0,-0.12793648582513026,1.0747,0.7564,RANGE,1.04193660850698,0.945454545454551,1
266,PENGUUSDT,2026-09-29 09:48:51.446475+00,2026-09-29,-1.0,-1.2227107318763777,3.9263,1.5968,HIGH_VOLATILITY,0.20528421141612843,0.8717948717948769,1
294,BTWUSDT,2026-09-29 10:48:51.681156+00,2026-09-29,0.0,-0.057739612503499876,0.5625,0.7967,HIGH_VOLATILITY,0.1314394236272226,0.518181818181811,1
296,XAGUSDT,2026-09-29 10:58:55.776371+00,2026-09-29,-1.0,-2.362348133270391,4.5753,1.9152,TREND_DOWN,0.12554658079404968,0.8571428571428862,1
303,AAVEUSDT,2026-09-29 11:31:34.666334+00,2026-09-29,0.0,-0.0809677623039422,1.3798,0.1677,HIGH_VOLATILITY,0.45747521268368196,0.7115987460815084,1
305,FARTCOINUSDT,2026-09-29 11:31:47.089583+00,2026-09-29,0.0,-0.09689615744476161,1.8582,0.9798,HIGH_VOLATILITY,0.18645037654768457,0.7014218009478582,1
309,NEARUSDT,2026-09-29 11:36:28.374458+00,2026-09-29,0.0,-0.12243548618013171,2.4172,0.6013,HIGH_VOLATILITY,0.17355641160423632,0.72727272727272,1
329,ZECUSDT,2026-09-29 11:46:25.64636+00,2026-09-29,-1.0,-1.1549495442098479,1.1603,3.118,HIGH_VOLATILITY,1.342665685646743,0.9042253521126765,1
331,XRPUSDT,2026-09-29 11:46:26.918303+00,2026-09-29,3.0,2.5734618316320907,6.3586,1.0061,RANGE,1.0035221668821215,0.6865671641790797,1
333,HYPEUSDT,2026-09-29 11:46:29.519916+00,2026-09-29,-1.0,-1.3898537869971817,0.4808,5.3304,RANGE,2.086552071788947,0.9743589743589978,1
335,XLMUSDT,2026-09-29 11:46:33.629446+00,2026-09-29,-1.0,-1.1089423090700845,0.1099,2.462,TREND_UP,1.6261231790206583,0.9230769230769313,1
337,INJUSDT,2026-09-29 11:46:48.249404+00,2026-09-29,-1.0,-1.1226610134203696,0.9863,1.1001,RANGE,2.127533511130419,0.9390243902439036,1
339,FARTCOINUSDT,2026-09-29 11:46:48.350379+00,2026-09-29,3.0,2.8001533682397164,3.267,2.5529,HIGH_VOLATILITY,0.42099501185301624,0.568493150684934,1
367,ZECUSDT,2026-09-29 12:01:27.700205+00,2026-09-29,-1.0,-1.1150880784053692,0.0,3.1239,HIGH_VOLATILITY,1.6109225191843286,0.7682584269662808,1
374,AAVEUSDT,2026-09-29 12:16:40.680483+00,2026-09-29,0.0,-0.061566190961056255,0.4286,0.8522,HIGH_VOLATILITY,1.5146802774670174,0.7375000000000013,1
376,ARBUSDT,2026-09-29 12:16:42.678646+00,2026-09-29,-1.0,-1.1027793187054322,0.0,2.656,HIGH_VOLATILITY,0.7171653530446787,0.7733711048158657,1
378,FARTCOINUSDT,2026-09-29 12:16:53.956573+00,2026-09-29,-1.0,-1.0876049572811146,0.8528,1.6641,HIGH_VOLATILITY,0.4391779797889069,0.7534246575342453,1
396,FARTCOINUSDT,2026-09-29 12:31:55.96821+00,2026-09-29,-1.0,-1.145191093455583,1.5658,2.6147,HIGH_VOLATILITY,0.46869084559649726,0.6502242152466451,1
420,GRASSUSDT,2026-09-29 13:01:54.934784+00,2026-09-29,-1.0,-1.0814667258899255,0.7462,2.8478,HIGH_VOLATILITY,0.0828021914766003,0.7046979865771844,1
422,ZROUSDT,2026-09-29 13:02:00.243623+00,2026-09-29,3.0,2.7775428345646804,6.3876,2.2138,RANGE,0.07915902783291567,0.5714285714285714,1
485,SOXLUSDT,2026-09-29 14:01:49.157831+00,2026-09-29,-1.0,-1.1080047872808383,0.795,1.3091,RANGE,0.4131315738838837,0.8352272727272764,1
491,MARSCOINUSDT,2026-09-29 14:07:01.218373+00,2026-09-29,-1.0,-1.065143727994589,1.0668,3.3586,HIGH_VOLATILITY,0.5314694647641401,0.6551724137931039,1
500,MARSCOINUSDT,2026-09-29 14:17:02.460489+00,2026-09-29,-1.0,-1.0571183636966153,0.6441,3.196,HIGH_VOLATILITY,0.6330033127546302,0.8875739644970437,1
502,XAUTUSDT,2026-09-29 14:22:03.268014+00,2026-09-29,-1.0,-1.9720763195049726,0.0,3.3598,RANGE,0.16034937132986357,0.6388888888888749,1
507,NEARUSDT,2026-09-29 14:31:50.035479+00,2026-09-29,-1.0,-1.066063800513276,0.0875,1.7307,HIGH_VOLATILITY,1.4754923790807617,0.7482993197278921,1
509,SOXLUSDT,2026-09-29 14:31:52.925891+00,2026-09-29,-1.0,-1.083571197203737,0.1836,1.4271,HIGH_VOLATILITY,0.284883373756298,0.6228373702422214,1
554,SOONUSDT,2026-09-29 15:32:14.753154+00,2026-09-29,3.0,2.940721231741116,4.9326,0.0237,HIGH_VOLATILITY,0.24413710201762895,0.5940594059405947,1
594,ETHUSDT,2026-09-29 18:15:59.1171+00,2026-09-29,0.0,-0.4175402978698796,0.981,0.713,RANGE,1.1877133429978302,0.8066801619433367,1
596,XAUUSDT,2026-09-29 18:16:05.82304+00,2026-09-29,0.0,-0.3607549185373043,0.6826,0.3092,RANGE,4.094470077856508,0.9636720667648178,1
598,ARBUSDT,2026-09-29 18:16:10.830633+00,2026-09-29,-1.0,-1.1519729601255841,0.5872,1.0171,HIGH_VOLATILITY,1.1191647475368707,0.6595744680851071,1
600,XAGUSDT,2026-09-29 18:16:13.94012+00,2026-09-29,0.0,-0.2768493453275063,1.0105,0.387,RANGE,3.019180596981507,0.9428571428571342,1
602,XAUTUSDT,2026-09-29 18:16:15.040358+00,2026-09-29,0.0,-0.37763292892623257,0.6946,0.2977,RANGE,4.901204460373032,0.9840425531914798,1
606,1000BONKUSDT,2026-09-29 18:36:18.477795+00,2026-09-29,-1.0,-1.219280594617374,1.4998,2.4619,HIGH_VOLATILITY,0.2241676106710083,0.5,1
608,ICPUSDT,2026-09-29 18:36:21.284591+00,2026-09-29,3.0,2.8028136694492316,4.7477,0.1388,HIGH_VOLATILITY,0.5895591165635135,0.6176470588235302,1
618,SNDKUSDT,2026-09-29 18:56:15.961484+00,2026-09-29,-1.0,-1.5555700611951773,1.0424,1.1696,RANGE,0.7051331220536041,0.9361179361179374,1
620,FARTCOINUSDT,2026-09-29 18:56:21.771638+00,2026-09-29,-1.0,-1.1713010717974308,1.5714,1.6884,HIGH_VOLATILITY,0.475531819073077,0.6464088397790058,1
622,FARTCOINUSDT,2026-09-29 19:06:27.167636+00,2026-09-29,-1.0,-1.1119668965981513,0.5072,1.6031,HIGH_VOLATILITY,0.5183989027780049,0.6666666666666666,1
659,BNBUSDT,2026-09-29 20:31:29.793869+00,2026-09-29,0.0,-0.8588458776655611,2.4321,0.7567,TREND_DOWN,0.4976229596386461,1.0,1
698,SOLUSDT,2026-09-29 22:06:22.964764+00,2026-09-29,-1.0,-1.4240195190316594,0.8973,1.4391,RANGE,0.37568077166478064,0.5,1
740,XPLUSDT,2026-09-29 23:06:44.446107+00,2026-09-29,-1.0,-1.1787136824510553,0.6556,2.4652,TREND_DOWN,0.39707875908980966,0.6491228070175344,1
742,BNBUSDT,2026-09-29 23:06:48.554185+00,2026-09-29,-1.0,-1.9722103577936987,1.8272,2.5581,TREND_DOWN,0.3585425731853985,0.7999999999999545,1
772,SOXLUSDT,2026-09-29 23:51:40.009928+00,2026-09-29,-1.0,-1.5745085004203752,2.2599,8.3965,HIGH_VOLATILITY,0.9107512056750374,1.0,1
849,ZROUSDT,2026-09-30 01:12:10.627234+00,2026-09-30,0.0,-0.05933840561960908,1.5914,0.744,HIGH_VOLATILITY,1.140078257618503,0.7366946778711514,1
851,MARSCOINUSDT,2026-09-30 01:17:07.902752+00,2026-09-30,0.0,-0.03987719983271313,0.7715,0.5067,HIGH_VOLATILITY,2.1381824190864425,0.8974763406940086,1
856,0GUSDT,2026-09-30 01:22:03.987204+00,2026-09-30,-1.0,-1.08099752529063,2.0294,3.6463,HIGH_VOLATILITY,0.6843129376601221,0.5588235294117707,1
863,SUIUSDT,2026-09-30 01:26:54.895854+00,2026-09-30,-1.0,-1.1406505237731168,0.0,1.7086,RANGE,1.083536374018283,0.6039603960396035,1
873,HBARUSDT,2026-09-30 01:36:54.992655+00,2026-09-30,-1.0,-1.2350719019255634,1.609,1.3282,HIGH_VOLATILITY,0.2880176831318555,0.6724137931034541,1
891,USUSDT,2026-09-30 02:07:16.299967+00,2026-09-30,-1.0,-1.0216756565369298,1.6521,1.1559,HIGH_VOLATILITY,1.750889056180746,0.8630136986301333,1
941,MSTRUSDT,2026-09-30 04:17:35.025611+00,2026-09-30,-1.0,-1.6834068817639172,1.2845,1.7056,TREND_DOWN,0.6372664816804584,0.6363636363636912,1
977,ICPUSDT,2026-09-30 05:17:40.093487+00,2026-09-30,-1.0,-1.1919444798523726,1.4823,2.3559,TREND_UP,0.6425812646248753,0.7777777777777705,1
986,ZROUSDT,2026-09-30 05:32:37.547792+00,2026-09-30,-1.0,-1.0520258382023406,0.0,1.6269,HIGH_VOLATILITY,0.40331425974658125,0.8638743455497416,3
1025,XAUUSDT,2026-09-30 07:07:40.198387+00,2026-09-30,0.0,-0.6528228674685815,0.507,1.0,RANGE,2.1425759811704115,0.7883461868037499,1
1029,XAUTUSDT,2026-09-30 07:07:52.01076+00,2026-09-30,0.0,-0.5580468919306666,0.2027,0.8362,RANGE,2.2274967091020668,0.7876106194689817,1
1032,XAGUSDT,2026-09-30 07:07:54.224323+00,2026-09-30,-1.0,-1.4880969609531502,0.5676,2.6111,RANGE,1.6451728274455681,0.8000000000000071,1
1035,SOXLUSDT,2026-09-30 07:17:39.886037+00,2026-09-30,-1.0,-1.1688313494328149,0.8659,1.7045,RANGE,0.4624815957011875,0.7978723404255339,1
1049,XLMUSDT,2026-09-30 07:37:52.401723+00,2026-09-30,0.0,-0.17854111904056155,1.6263,0.832,RANGE,0.5669346718558019,0.6666666666666666,1
1051,MSTRUSDT,2026-09-30 07:38:01.722447+00,2026-09-30,-1.0,-1.4826373433543032,4.1798,1.5563,TREND_DOWN,0.6471173012796445,0.6739130434782542,1
1066,ICPUSDT,2026-09-30 08:18:06.114835+00,2026-09-30,-1.0,-1.1830492798657464,0.8275,1.7554,TREND_UP,0.2848074763853129,0.7000000000000111,1
1084,CLUSDT,2026-09-30 09:02:52.335989+00,2026-09-30,0.0,-0.2234335183525636,0.9902,0.3065,TREND_DOWN,0.10909360967611043,0.5882352941176323,1
1086,WLDUSDT,2026-09-30 09:02:54.071586+00,2026-09-30,0.0,-0.06704707912064377,2.2191,0.5069,RANGE,0.7044693813428349,0.8775510204081545,1
1088,ENAUSDT,2026-09-30 09:02:55.672487+00,2026-09-30,0.0,-0.05582072031838274,0.8467,0.4927,RANGE,1.1571720528745697,0.6458598726114677,1
1093,ONDOUSDT,2026-09-30 09:07:57.671121+00,2026-09-30,3.0000000000000098,2.815947420809484,3.8068,0.2095,RANGE,0.5530531337618839,0.8461538461538473,2
1096,CLUSDT,2026-09-30 09:12:54.580965+00,2026-09-30,0.0,-0.29036202664971794,0.9628,0.7183,RANGE,0.9433457469717089,0.7619047619047425,1
1099,ETHUSDT,2026-09-30 09:22:50.073875+00,2026-09-30,3.0,2.0447595784716617,9.8828,0.0,RANGE,0.5645334961074678,0.6015831134565229,1
1126,LINKUSDT,2026-09-30 09:37:59.137199+00,2026-09-30,-1.0,-1.3877319093603573,5.0753,1.3585,RANGE,0.09878835998072856,0.9772727272727402,1
1136,LTCUSDT,2026-09-30 09:38:12.665082+00,2026-09-30,-1.0,-1.4928999045102196,3.4573,1.2223,RANGE,0.15752498969058584,0.8461538461538713,1
1177,SPCXUSDT,2026-09-30 10:13:15.730143+00,2026-09-30,-1.0,-3.553741391918209,16.7274,13.723,RANGE,0.47602788534094614,0.5,1
1180,1000BONKUSDT,2026-09-30 10:18:12.472504+00,2026-09-30,-1.0,-1.1273780068366526,1.2263,1.6708,HIGH_VOLATILITY,0.4852262514325781,0.6562500000000165,1
1182,BNBUSDT,2026-09-30 10:18:12.975764+00,2026-09-30,3.0,2.5871183244209073,3.1281,0.0,RANGE,0.5494481953667902,0.7666666666666515,1
1185,QNTUSDT,2026-09-30 10:22:58.525605+00,2026-09-30,3.0,2.9285690563545614,4.1034,0.7411,HIGH_VOLATILITY,0.7113884764797496,0.8183632734530998,1
1189,BNBUSDT,2026-09-30 10:23:15.993415+00,2026-09-30,3.0,2.2841226385365383,5.1079,1.9099,RANGE,1.0693499087079847,0.7333333333333485,1
1198,BTCUSDT,2026-09-30 10:37:58.616836+00,2026-09-30,-1.0,-1.99741683204578,10.3338,3.1639,RANGE,0.5780470093851284,0.5811287477953184,1
1232,BTWUSDT,2026-09-30 11:13:22.840668+00,2026-09-30,3.0,2.9535477363537193,3.0218,0.381,HIGH_VOLATILITY,0.7049488470084923,0.7597684515195431,1
1239,BTWUSDT,2026-09-30 11:23:22.428572+00,2026-09-30,0.0,-0.046508437657085344,2.6397,0.715,HIGH_VOLATILITY,0.8736058367779705,0.891340899537623,1
1242,CLUSDT,2026-09-30 11:33:07.920896+00,2026-09-30,-1.0,-1.2730431422603588,2.2901,1.0019,RANGE,0.16078185829034433,0.8913043478260642,1
1246,WLDUSDT,2026-09-30 11:38:14.137262+00,2026-09-30,3.0,2.904998276150971,4.1095,0.0,HIGH_VOLATILITY,0.8472366084979509,0.7749999999999972,1
1250,XAUTUSDT,2026-09-30 11:38:24.65182+00,2026-09-30,-1.0,-1.7575080292520826,2.1094,3.1597,RANGE,0.5222532683802732,0.5813953488371847,1
1300,NEARUSDT,2026-09-30 12:33:15.19686+00,2026-09-30,-1.0,-1.062202081297676,0.5291,1.3063,HIGH_VOLATILITY,0.10200429413303697,0.5323741007194225,5
1302,AAVEUSDT,2026-09-30 12:33:21.706252+00,2026-09-30,-1.0,-1.0747082529667134,0.196,1.6305,TREND_UP,0.6247587619966689,0.6184210526315849,1
1307,TRUMPUSDT,2026-09-30 12:33:34.707191+00,2026-09-30,-1.0,-1.192861663032786,1.8968,1.2351,RANGE,0.07461179573493698,0.5454545454545602,1
1316,LITUSDT,2026-09-30 12:38:20.335083+00,2026-09-30,-1.0,-1.1655267013863648,2.8137,1.0377,HIGH_VOLATILITY,0.6290659877948909,0.6969696969696934,1
1353,BTCUSDT,2026-09-30 12:53:15.814201+00,2026-09-30,-1.0,-1.1856834061890953,0.2993,2.1683,RANGE,1.6001677424305538,0.8653940283896202,1
1355,HYPEUSDT,2026-09-30 12:53:18.619399+00,2026-09-30,-1.0,-1.142352036583862,2.1742,2.3599,RANGE,1.8091579162227527,0.7356321839080427,2
1358,AVAXUSDT,2026-09-30 12:53:24.393368+00,2026-09-30,-1.0,-1.1094290985433077,0.1471,2.5232,TREND_UP,1.6847531478070203,0.745098039215689,2
1360,LINKUSDT,2026-09-30 12:53:24.492541+00,2026-09-30,-1.0,-1.0797324653617526,0.0745,1.8813,RANGE,2.6192855493911034,0.8523985239852425,2
1362,ONDOUSDT,2026-09-30 12:53:24.892996+00,2026-09-30,-1.0,-1.0669489487939203,0.474,1.6128,RANGE,3.1365330279077615,0.8347107438016528,2
1367,SUIUSDT,2026-09-30 13:08:23.959169+00,2026-09-30,-1.0,-1.1173881498634393,0.3675,2.6472,RANGE,0.3552599983382581,0.7676767676767713,1
1369,ONDOUSDT,2026-09-30 13:08:27.664629+00,2026-09-30,-1.0,-1.1333040858047612,0.279,3.8332,RANGE,0.34774546525349026,0.6071428571428642,1
1371,MSTRUSDT,2026-09-30 13:08:38.094862+00,2026-09-30,-1.0,-1.2701580196124707,1.7218,7.3335,RANGE,0.05793518346648975,0.7553191489361577,1
1373,WLDUSDT,2026-09-30 13:18:25.848549+00,2026-09-30,-1.0,-1.0349271262101305,0.2541,1.1137,HIGH_VOLATILITY,0.5105660925651326,0.600877192982457,1
1375,SOONUSDT,2026-09-30 13:18:31.464111+00,2026-09-30,0.0,-0.025243673624323247,2.3035,0.3941,HIGH_VOLATILITY,0.34819229672949353,0.6172839506172848,1
1377,ZECUSDT,2026-09-30 13:28:20.405047+00,2026-09-30,-1.0,-1.1535746270446539,0.4689,3.757,RANGE,0.837778121824806,0.7752698724239275,2
1418,SPCXUSDT,2026-09-30 13:58:49.144761+00,2026-09-30,0.0,-0.29517838482729586,1.7722,0.8768,RANGE,0.08243106169042236,0.5925925925926627,1
1523,SOLUSDT,2026-09-30 16:17:40.390548+00,2026-09-30,-1.0,-1.4900701656529178,1.7554,5.3441,TREND_UP,0.22014506701512476,0.5263157894736783,1
1527,XLMUSDT,2026-09-30 16:22:58.70985+00,2026-09-30,0.0,-0.25439886299022896,2.3711,0.3233,RANGE,0.8981712525728075,0.9285714285714356,1
1539,ONDOUSDT,2026-09-30 16:37:52.053222+00,2026-09-30,-1.0,-1.1956198373116258,1.0273,5.65,RANGE,0.1652481397530271,0.8235294117646637,1
1555,HYPEUSDT,2026-09-30 17:02:14.82591+00,2026-09-30,-1.0,-1.2283887331378933,1.2625,2.6453,RANGE,0.692069431668782,0.8095238095237806,1
1572,SNDKUSDT,2026-09-30 18:22:40.853733+00,2026-09-30,-1.0,-1.2860366523168862,0.1842,2.1228,RANGE,0.5401136419303336,0.8682795698924717,1
1594,XLMUSDT,2026-09-30 19:07:44.194399+00,2026-09-30,-1.0,-1.2227366975873661,1.0737,1.2605,TREND_UP,0.23763815283731166,0.8571428571428741,1
1613,HBARUSDT,2026-09-30 19:47:37.869818+00,2026-09-30,-1.0,-1.1638127377529541,0.81,3.1684,RANGE,1.079148649641164,0.9014084507042248,1
1661,WLDUSDT,2026-09-30 20:17:39.716389+00,2026-09-30,-1.0,-1.2132838435316928,1.7272,1.7272,HIGH_VOLATILITY,0.11861491750391576,0.5862068965516951,1
1671,XAUUSDT,2026-09-30 20:37:41.241118+00,2026-09-30,-1.0,-3.006567601292087,0.2958,4.7657,TREND_DOWN,0.17098955717511446,0.663716814159495,1
1675,XAGUSDT,2026-09-30 20:37:53.445246+00,2026-09-30,-1.0,-2.3596565310742257,0.9628,5.0282,TREND_DOWN,0.4318278021726498,0.7142857142857723,1
1677,XAUTUSDT,2026-09-30 20:42:54.215716+00,2026-09-30,-1.0,-5.571149561412994,0.8368,10.1467,TREND_DOWN,0.4019882607561394,1.0,1
1706,MOVRUSDT,2026-09-30 21:32:51.85036+00,2026-09-30,0.0,-0.019523495757536726,1.4226,0.5438,HIGH_VOLATILITY,0.9711254689525898,0.5474452554744522,1
1726,XPLUSDT,2026-09-30 21:57:58.596298+00,2026-09-30,-1.0,-1.1911713291380042,1.4713,1.2002,HIGH_VOLATILITY,0.626868129834972,0.5128205128205078,1
1728,ZROUSDT,2026-09-30 21:58:02.105028+00,2026-09-30,0.0,-0.09069999674000796,1.7546,0.6508,HIGH_VOLATILITY,0.6055085917526654,0.8983050847457617,3
1738,AKEUSDT,2026-09-30 22:03:08.422078+00,2026-09-30,-1.0,-1.1141864214950763,0.3093,1.2802,HIGH_VOLATILITY,0.700087154996517,0.7170542635658789,2
1773,AVAXUSDT,2026-09-30 22:32:59.614106+00,2026-09-30,-1.0,-1.318224762279594,1.01,2.0891,RANGE,0.6249782393613185,0.5862068965517072,1
1775,XPLUSDT,2026-09-30 22:33:01.917578+00,2026-09-30,0.0,-0.23452768987564004,1.7967,0.6028,HIGH_VOLATILITY,0.4809605538646803,0.6122448979591675,1
1794,ADAUSDT,2026-09-30 22:52:59.819591+00,2026-09-30,-1.0,-1.4210560285674596,1.051,2.5871,RANGE,0.4066140275822577,0.5714285714285827,1
1799,BNBUSDT,2026-09-30 22:58:13.238751+00,2026-09-30,-1.0,-3.5504602573202066,3.3175,4.4233,RANGE,0.15144559247292624,0.749999999999929,1
1843,TRUMPUSDT,2026-09-30 23:18:15.904911+00,2026-09-30,-1.0,-1.3692021682688034,16.0293,1.8758,RANGE,0.34315511763953693,0.7499999999999722,1
1923,SUIUSDT,2026-10-01 01:18:14.53214+00,2026-10-01,0.0,-0.1002591454823501,0.2904,0.7301,TREND_UP,1.1702349413617477,0.7857142857142848,1
1926,ONDOUSDT,2026-10-01 01:18:16.334285+00,2026-10-01,0.0,-0.0973930278736102,0.227,0.9352,RANGE,1.0984897115580952,0.9102564102564062,1
1928,AAVEUSDT,2026-10-01 01:18:21.554231+00,2026-10-01,3.0,2.789439177540986,5.1178,0.0,RANGE,0.10435275484169884,0.7500000000000154,1
1932,DOGEUSDT,2026-10-01 01:23:14.662355+00,2026-10-01,0.0,-0.2944420279006332,1.4288,0.9721,RANGE,0.16839106534712978,0.8095238095238725,1
1935,ADAUSDT,2026-10-01 01:23:20.470909+00,2026-10-01,-1.0,-1.244531639864847,2.622,1.1705,RANGE,0.5587023877751701,0.8181818181818113,1
1991,AVAXUSDT,2026-10-01 02:53:35.370824+00,2026-10-01,0.0,-0.20344966701835202,1.1501,0.158,RANGE,1.5240175606485413,0.8543689320388291,2
1995,SNDKUSDT,2026-10-01 02:53:39.077349+00,2026-10-01,3.0,2.1967518209682613,10.9284,0.4418,RANGE,0.5546872670479563,0.798469387755057,2
2011,LITUSDT,2026-10-01 03:13:40.518327+00,2026-10-01,0.0,-0.06378605003018217,0.5105,0.3078,RANGE,1.5771901779635922,0.7454545454545479,1
2027,AVAXUSDT,2026-10-01 03:33:38.494536+00,2026-10-01,-1.0,-1.2008170724842826,0.7075,1.2424,RANGE,0.46416126871633206,0.6372549019607775,1
2034,SOXLUSDT,2026-10-01 03:48:33.126865+00,2026-10-01,3.0,2.7646716042531314,6.8697,0.0,RANGE,0.6465172616576171,0.823529411764698,1
2036,XAUUSDT,2026-10-01 03:48:35.864139+00,2026-10-01,-1.0,-1.7062139518144719,1.6324,1.3507,RANGE,0.5775562355386115,0.7194860813704658,1
2038,AAVEUSDT,2026-10-01 03:48:42.671063+00,2026-10-01,0.0,-0.11402074490667212,1.0424,0.6294,TREND_UP,0.6014828605536192,0.7380952380952236,1
2041,XAUTUSDT,2026-10-01 03:48:47.683535+00,2026-10-01,-1.0,-1.7728565230026119,1.641,1.4646,RANGE,0.5970223701554982,0.608108108108138,1
2053,BTCUSDT,2026-10-01 03:58:31.814838+00,2026-10-01,3.0,1.9758269735711245,3.8297,2.712,TREND_DOWN,0.4566450568369881,0.6072992700729715,1
2056,ADAUSDT,2026-10-01 03:58:40.441501+00,2026-10-01,-1.0,-1.3653715862884177,2.3559,2.633,RANGE,0.1156987636583735,0.6153846153846138,1
2058,MSTRUSDT,2026-10-01 03:58:46.95759+00,2026-10-01,-1.0,-1.4170321328611635,1.8665,2.4034,RANGE,0.5724803694083181,0.9487179487179245,1
2061,ASTERUSDT,2026-10-01 04:03:55.756623+00,2026-10-01,-1.0,-1.3793270442970693,3.9736,1.0532,RANGE,1.0315116567994878,0.904761904761867,3
2066,ETHUSDT,2026-10-01 04:13:36.608955+00,2026-10-01,-1.0,-1.9736196244077124,3.9156,4.4585,RANGE,0.462185216911847,0.5880503144654048,1
2073,ENAUSDT,2026-10-01 04:23:38.375+00,2026-10-01,-1.0,-1.131630801803054,1.4237,2.5018,TREND_UP,0.3216002828370494,0.7559808612440119,1
2089,BTCUSDT,2026-10-01 04:48:40.649165+00,2026-10-01,-1.0,-1.5185246602571592,1.0071,2.7546,RANGE,0.08849630601893423,0.9074171488689885,1
2091,ETHUSDT,2026-10-01 04:48:41.052221+00,2026-10-01,-1.0,-1.328236726948251,0.8925,2.0079,RANGE,0.39119140986891054,0.5827538247566095,2
2126,BTCUSDT,2026-10-01 05:18:43.14371+00,2026-10-01,-1.0,-1.7328192250662022,0.7206,4.585,RANGE,0.3757975641205045,0.5744125326370757,1
2128,BTWUSDT,2026-10-01 05:19:02.321233+00,2026-10-01,0.0,-0.15760125250368084,1.9054,0.3159,HIGH_VOLATILITY,0.24621652477389952,0.5108892921960081,1
2139,MSTRUSDT,2026-10-01 05:38:59.467825+00,2026-10-01,-1.0,-1.6133878251383664,0.3544,7.2178,RANGE,0.30918810431246196,0.9000000000000213,2
2142,SPCXUSDT,2026-10-01 05:39:07.07792+00,2026-10-01,-1.0,-4.103689278956651,2.1411,7.3965,TREND_UP,0.3635543007064176,1.0,1
2157,XPLUSDT,2026-10-01 05:49:01.878687+00,2026-10-01,-1.0,-1.226437483709177,0.5932,4.2511,HIGH_VOLATILITY,0.6144323963450395,0.7894736842105353,1
2160,BNBUSDT,2026-10-01 05:54:09.609416+00,2026-10-01,-1.0,-2.3116354494736866,0.6478,8.0169,RANGE,0.14329344815869946,0.750000000000071,1
2163,SOXLUSDT,2026-10-01 06:03:50.782422+00,2026-10-01,-1.0,-1.0802833095597217,0.2305,2.2881,HIGH_VOLATILITY,0.7833738628319019,0.875,1
2167,1000PEPEUSDT,2026-10-01 06:03:59.396127+00,2026-10-01,-1.0,-1.374161937646229,0.446,4.9875,RANGE,0.22675244559497895,0.9285714285714197,1
2172,CLUSDT,2026-10-01 06:08:56.897378+00,2026-10-01,3.0,2.604864359876892,7.045,0.5661,TREND_DOWN,0.9372803448071344,0.6999999999999857,2
2209,SOONUSDT,2026-10-01 06:43:05.669568+00,2026-10-01,-1.0,-1.1020664879100155,0.7227,4.0613,HIGH_VOLATILITY,0.2157308848130708,0.5428571428571424,1
2333,LTCUSDT,2026-10-01 09:08:31.933719+00,2026-10-01,-1.0,-1.5470630581962057,0.9291,3.1745,RANGE,0.8428886085078984,1.0,1
2348,KORUUSDT,2026-10-01 09:23:31.563841+00,2026-10-01,-1.0,-1.201182692596377,1.5362,1.1172,RANGE,0.829932025868824,0.7272727272727155,2
2349,KORUUSDT,2026-10-01 09:23:31.563914+00,2026-10-01,-1.0,-1.3768254846116448,2.8773,2.0926,TREND_DOWN,0.1066167354669992,0.5000000000000222,1
2357,BNBUSDT,2026-10-01 09:28:36.448032+00,2026-10-01,-1.0,-2.3979974396089014,3.5567,2.1687,RANGE,0.28436616079037896,0.8571428571428339,1
2369,BNBUSDT,2026-10-01 09:48:37.535002+00,2026-10-01,-1.0,-1.8731543456595285,1.2975,2.2706,RANGE,0.30155787355034563,0.5333333333333788,1
2438,BTCUSDT,2026-10-01 10:48:23.104138+00,2026-10-01,-1.0,-1.56967707756902,1.1345,1.7343,RANGE,0.4327202644211554,0.6940677966101202,1
2440,ETHUSDT,2026-10-01 10:48:24.202546+00,2026-10-01,-1.0,-1.4492726477741704,0.9075,1.4552,TREND_UP,0.5865212650226923,0.7214953271027785,1
2442,XAUUSDT,2026-10-01 10:48:30.414539+00,2026-10-01,-1.0,-1.9669771329371621,1.1651,2.5736,RANGE,0.4304224909374032,0.7055393586005444,1
2444,SNDKUSDT,2026-10-01 10:48:34.21602+00,2026-10-01,-1.0,-1.4451248986128353,0.5824,7.5332,RANGE,0.0704422360934754,0.5691906005222207,1
2448,XAUTUSDT,2026-10-01 10:48:40.322619+00,2026-10-01,-1.0,-2.074303550102682,1.0908,2.5247,RANGE,0.7844765115374185,1.0,1
2450,KORUUSDT,2026-10-01 10:48:41.725132+00,2026-10-01,-1.0,-1.1948077520519027,0.401,4.812,RANGE,1.0142779283664505,1.0,1
2460,MUUSDT,2026-10-01 10:58:34.374909+00,2026-10-01,-1.0,-1.3625052679971652,0.7493,7.565,RANGE,1.2522052729974118,0.9146110056925907,1
2516,MONUSDT,2026-10-01 12:03:49.142742+00,2026-10-01,-1.0,-1.0700918421569758,0.3811,1.5846,HIGH_VOLATILITY,0.5558225826721154,0.6233766233766251,1
2556,ZROUSDT,2026-10-01 12:49:01.793258+00,2026-10-01,-1.0,-1.1811748835290705,5.5881,2.0615,HIGH_VOLATILITY,0.6883633590439079,0.8253968253968262,1
2648,AAVEUSDT,2026-10-01 14:08:57.897113+00,2026-10-01,0.0,-0.11579900135790011,1.5573,0.8927,HIGH_VOLATILITY,0.5725980809832023,0.9218749999999966,1
2699,CLUSDT,2026-10-01 15:03:56.953708+00,2026-10-01,-1.0,-1.3625922845718597,2.4669,1.3643,RANGE,0.3976510558612259,0.8000000000000379,2
2717,USUSDT,2026-10-01 15:49:14.249198+00,2026-10-01,-1.0,-1.0090730265782593,0.4019,1.3905,HIGH_VOLATILITY,1.1077136644003847,0.9276190476190479,1
2741,SNDKUSDT,2026-10-01 16:09:07.119546+00,2026-10-01,3.0,2.707532697617445,4.2766,0.7737,RANGE,0.22514165160449495,0.516411378555784,1
2752,PUMPFUNUSDT,2026-10-01 16:29:07.668054+00,2026-10-01,-1.0,-1.1031054378125051,1.9639,1.0209,HIGH_VOLATILITY,0.5221301490582416,1.0,1
2758,USUSDT,2026-10-01 16:34:16.819058+00,2026-10-01,-1.0,-1.0137405489033622,0.3643,2.2574,HIGH_VOLATILITY,0.2112420649685926,0.5126582278481024,2
2798,ETHUSDT,2026-10-01 17:19:07.888754+00,2026-10-01,0.0,-0.3621368164273329,1.2924,0.1888,RANGE,0.9844940937278003,0.8703550784475519,1
2800,SOXLUSDT,2026-10-01 17:19:09.905451+00,2026-10-01,0.0,-0.1169779226515806,1.8688,0.1505,HIGH_VOLATILITY,0.1120676167702937,0.6056338028168964,1
2802,XPLUSDT,2026-10-01 17:19:23.036365+00,2026-10-01,0.0,-0.0788626487848486,0.4163,0.5019,TREND_DOWN,1.1758817484378796,0.8762886597938068,1
2804,PENGUUSDT,2026-10-01 17:19:27.956878+00,2026-10-01,0.0,-0.11322467459183208,1.0691,0.2458,HIGH_VOLATILITY,0.9765002048130176,0.8400000000000125,1
2806,XLMUSDT,2026-10-01 17:19:28.043958+00,2026-10-01,0.0,-0.1748419812055542,0.4533,0.7933,RANGE,0.9535854167801452,0.8000000000000037,1
2820,MONUSDT,2026-10-01 17:29:18.72461+00,2026-10-01,0.0,-0.061948746778366315,0.6502,0.7957,HIGH_VOLATILITY,0.42469146873468205,0.8730158730158779,2
2836,SUIUSDT,2026-10-01 17:44:16.749498+00,2026-10-01,-1.0,-1.1360251872315854,0.4351,1.6695,RANGE,0.2573474466027788,0.5882352941176547,1
2839,ONDOUSDT,2026-10-01 17:44:18.264703+00,2026-10-01,-1.0,-1.2413019745743599,0.438,2.7896,TREND_DOWN,0.2182299296073302,0.7999999999999945,1
2841,TAOUSDT,2026-10-01 17:44:22.859329+00,2026-10-01,-1.0,-1.1275695940949677,0.0591,1.5495,RANGE,0.7940147199243387,1.0,3
2847,LTCUSDT,2026-10-01 17:44:31.172503+00,2026-10-01,0.0,-0.31002782141936197,1.807,0.7838,RANGE,0.4293300042119086,0.5909090909090733,2
2905,ONDOUSDT,2026-10-01 18:39:27.35807+00,2026-10-01,-1.0,-1.18648584638451,0.0,2.4332,TREND_DOWN,0.11498296330678098,0.5333333333333297,3
2975,ZROUSDT,2026-10-01 19:49:42.531875+00,2026-10-01,-1.0,-1.0784368590069502,0.7025,1.9576,HIGH_VOLATILITY,0.5620122258028113,0.8245614035087755,1
2992,AAVEUSDT,2026-10-01 20:04:33.716269+00,2026-10-01,0.0,-0.15109219837673293,1.4428,0.4654,TREND_UP,0.8392606165112797,1.0,1
2994,UNIUSDT,2026-10-01 20:04:35.616781+00,2026-10-01,-1.0,-1.2083606209581947,0.0868,2.2456,RANGE,0.8028973086453699,0.9534883720930089,1
3048,SOONUSDT,2026-10-01 21:09:48.311988+00,2026-10-01,-1.0,-1.1875852134592546,1.0938,5.8741,HIGH_VOLATILITY,0.14603199027750485,0.5666666666666592,1
3149,ETHUSDT,2026-10-01 22:54:41.968787+00,2026-10-01,-1.0,-2.63726544982409,6.0324,2.1608,TREND_UP,0.16537851664986147,0.7075471698113572,1
3172,MSTRUSDT,2026-10-01 23:05:06.070084+00,2026-10-01,-1.0,-1.732710125258159,6.1658,1.8237,RANGE,0.8014001462483916,0.7878787878787304,1
3174,ZECUSDT,2026-10-01 23:09:44.924022+00,2026-10-01,-1.0,-1.2506230442505806,0.8968,1.9061,HIGH_VOLATILITY,0.5844760047236367,0.7809307604994239,1
3180,XAUUSDT,2026-10-01 23:14:52.714879+00,2026-10-01,-1.0,-3.196744000395814,0.8998,11.1031,RANGE,1.2946653514520259,1.0,1
3189,PUMPFUNUSDT,2026-10-01 23:24:51.692796+00,2026-10-01,-1.0,-1.1276582801753823,0.0,2.6566,HIGH_VOLATILITY,0.5073830556825091,0.6610169491525416,4
3193,LITUSDT,2026-10-01 23:30:09.067267+00,2026-10-01,-1.0,-1.4774207725747417,1.3731,2.5672,HIGH_VOLATILITY,0.2666651329727239,0.7999999999999823,1
3197,LINKUSDT,2026-10-01 23:35:00.422754+00,2026-10-01,-1.0,-1.4389626930700365,2.377,2.6395,RANGE,0.2859072752195231,0.7659574468084921,1
3199,XAGUSDT,2026-10-01 23:35:05.131346+00,2026-10-01,-1.0,-2.1500454810376675,0.6265,8.1444,RANGE,0.8651307636271429,1.0,3
3201,BTCUSDT,2026-10-01 23:39:49.64868+00,2026-10-01,-1.0,-1.8808951405211112,3.4122,1.6304,TREND_UP,0.3966888544689997,0.805453205600521,2
3203,HYPEUSDT,2026-10-01 23:39:51.04931+00,2026-10-01,3.0,2.075562767600226,6.9898,0.4023,TREND_DOWN,0.05643057024342576,0.7777777777778304,1
3206,ONDOUSDT,2026-10-01 23:39:59.364341+00,2026-10-01,-1.0,-1.2373224753554208,1.3729,1.0525,TREND_DOWN,0.7104035732629946,0.7777777777777743,2
3207,ONDOUSDT,2026-10-01 23:39:59.364413+00,2026-10-01,-1.0,-1.3747269713623316,2.1677,1.6619,TREND_DOWN,0.22105892837877836,0.5714285714286054,1
3219,LINKUSDT,2026-10-01 23:55:02.405074+00,2026-10-01,-1.0,-1.3843939640443903,1.5278,2.8519,RANGE,0.4210834378083722,0.7714285714285976,2
3227,SPCXUSDT,2026-10-02 00:05:12.645659+00,2026-10-02,0.0,-1.398553477190359,1.1613,0.8486,RANGE,1.4115823778986032,1.0,1
3243,ARBUSDT,2026-10-02 00:20:10.895823+00,2026-10-02,-1.0,-1.3419923717726223,3.6118,1.7735,TREND_DOWN,0.34202334882199015,0.8095238095238064,1
3257,KORUUSDT,2026-10-02 00:25:08.002767+00,2026-10-02,-1.0,-1.1416084352103875,0.8621,1.0536,RANGE,0.6246717854833349,0.7619047619047595,1
3283,LTCUSDT,2026-10-02 01:00:20.516914+00,2026-10-02,0.0,-0.22468302531766587,1.4733,0.6824,RANGE,0.6074896633820612,0.5344827586206952,1
3339,SOLUSDT,2026-10-02 02:10:02.975351+00,2026-10-02,0.0,-0.16245579937174798,2.284,0.5147,RANGE,1.7840223274777514,0.6082474226804166,1
3350,HBARUSDT,2026-10-02 02:20:19.887031+00,2026-10-02,3.0,2.4524866570834245,6.151,0.4809,RANGE,0.5312485257135467,0.5714285714285431,1
3363,USUSDT,2026-10-02 02:35:16.616608+00,2026-10-02,-1.0,-1.0425570963393576,1.7836,5.2305,HIGH_VOLATILITY,0.4280046208789205,0.6785714285714302,1
3381,BTCUSDT,2026-10-02 03:00:09.5307+00,2026-10-02,3.0,2.173534112304539,8.0171,0.0014,TREND_UP,1.0620841016226161,0.7104202648243287,1
3383,HYPEUSDT,2026-10-02 03:00:11.833049+00,2026-10-02,3.0,2.522139749995673,5.9592,0.3339,RANGE,0.8586684279574264,1.0,1
3385,XAUUSDT,2026-10-02 03:00:17.240108+00,2026-10-02,3.0,2.0823421367313975,3.1808,0.0,TREND_DOWN,0.7897462879627977,0.7353407290014459,1
3387,ONDOUSDT,2026-10-02 03:00:20.447992+00,2026-10-02,-1.0,-1.317636438527824,3.7003,1.4255,RANGE,0.8756445982243857,1.0,1
3389,ADAUSDT,2026-10-02 03:00:22.248646+00,2026-10-02,2.999999999999986,2.7298973383258684,4.1291,0.671,RANGE,1.3338478374548508,1.0,1
3391,MSTRUSDT,2026-10-02 03:00:25.911514+00,2026-10-02,3.0,2.6263080860361736,4.6636,0.4041,RANGE,0.8652831527957513,1.0,1
3393,XAUTUSDT,2026-10-02 03:00:26.807759+00,2026-10-02,0.0,-1.0205395410977938,2.9858,0.0,TREND_DOWN,0.7760195042332223,0.8043478260870124,1
3395,XPLUSDT,2026-10-02 03:00:27.511486+00,2026-10-02,-1.0,-1.4274554154117238,3.2379,1.6712,RANGE,0.695092151687029,0.8205128205128196,1
3397,KORUUSDT,2026-10-02 03:00:29.421855+00,2026-10-02,-1.0,-1.3324473643051633,3.7834,1.1869,RANGE,0.7291231263429709,1.0,1
3399,XAGUSDT,2026-10-02 03:00:30.932584+00,2026-10-02,0.0,-0.5689583307650188,2.9372,0.0,TREND_DOWN,1.275135129468201,0.8666666666666035,1
3403,BNBUSDT,2026-10-02 03:00:33.952833+00,2026-10-02,3.0,2.067614816533848,5.048,0.5163,RANGE,0.9244078188289707,0.900000000000091,1
3426,1000PEPEUSDT,2026-10-02 03:35:24.70099+00,2026-10-02,3.0,2.6851867225526727,9.4197,0.4693,TREND_UP,0.06016729407109306,0.7777777777777939,1
3429,XAGUSDT,2026-10-02 03:35:32.12259+00,2026-10-02,0.0,-0.7341784467147516,2.1722,0.686,RANGE,0.6074846716651109,1.0,1
3437,1000PEPEUSDT,2026-10-02 03:45:26.099052+00,2026-10-02,3.0,2.780512424566364,6.2949,0.4663,TREND_UP,0.1681280172623292,0.7407407407407396,1
3439,BNBUSDT,2026-10-02 03:45:38.612911+00,2026-10-02,0.0,-0.6393577350435808,2.6679,0.7454,RANGE,1.0244258350154856,0.7777777777777848,1
3455,AAVEUSDT,2026-10-02 04:25:29.796226+00,2026-10-02,0.0,-0.10048639296961469,1.9782,0.0,HIGH_VOLATILITY,0.40135961951211074,0.7080291970802888,1
3458,SOLUSDT,2026-10-02 04:30:21.575767+00,2026-10-02,0.0,-0.11404856507900879,0.6078,0.6255,RANGE,1.8223252690689495,0.8518518518518416,1
3461,XRPUSDT,2026-10-02 04:30:22.977274+00,2026-10-02,0.0,-0.12603044732016086,0.5418,0.6753,RANGE,0.35118611393568866,0.5079365079364895,1
3467,DOGEUSDT,2026-10-02 04:30:27.432188+00,2026-10-02,0.0,-0.10081804326672149,0.7166,0.5474,RANGE,0.3087694060197246,0.540540540540505,1
3479,XAGUSDT,2026-10-02 04:30:39.255831+00,2026-10-02,-1.0,-1.4328300557187983,0.8398,1.0749,RANGE,0.25954615935633263,0.5555555555555248,1
3483,SUIUSDT,2026-10-02 04:40:31.573814+00,2026-10-02,-1.0,-1.2300206410642673,0.8787,3.379,TREND_UP,0.3248497841696088,0.6231884057970856,1
3485,1000PEPEUSDT,2026-10-02 04:40:32.383766+00,2026-10-02,-1.0,-1.1526344923868952,2.4502,1.7546,TREND_UP,1.110291255216595,0.5833333333333369,1
3487,KORUUSDT,2026-10-02 04:40:40.181401+00,2026-10-02,-1.0,-1.5370597190012862,10.2727,1.1945,RANGE,0.538076015484249,0.7142857142857215,1
3490,LTCUSDT,2026-10-02 04:40:44.990062+00,2026-10-02,3.0,2.434811834975873,4.1436,0.1162,RANGE,0.1822028292502887,0.5,1
3492,PENGUUSDT,2026-10-02 04:40:45.389362+00,2026-10-02,0.0,-0.19782927102610787,1.8569,0.5713,RANGE,0.6133322386583122,0.6000000000000039,1
3494,SUIUSDT,2026-10-02 04:50:31.133294+00,2026-10-02,-1.0,-1.1283252611065178,0.0201,2.1144,TREND_UP,0.12381984645090834,0.6991869918699152,1
3496,LTCUSDT,2026-10-02 04:50:44.452667+00,2026-10-02,0.0,-0.3130144027924184,1.8584,0.4486,RANGE,0.061342303208722034,0.6999999999999929,1
3498,PENGUUSDT,2026-10-02 04:50:46.254082+00,2026-10-02,0.0,-0.12912892144783938,0.7402,0.8328,RANGE,0.1769764344329811,0.6666666666666666,1
3503,DOGEUSDT,2026-10-02 05:00:30.257219+00,2026-10-02,0.0,-0.10025440981064826,0.6224,0.6323,RANGE,3.061290123882071,0.9687499999999978,1
3505,ADAUSDT,2026-10-02 05:00:34.061164+00,2026-10-02,0.0,-0.06824899863319506,0.1395,0.5833,RANGE,2.1444413677572993,0.9661016949152581,1
3507,LINKUSDT,2026-10-02 05:00:37.085678+00,2026-10-02,-1.0,-1.118145795350705,0.0,1.4692,RANGE,1.3724060752588862,0.8995433789954406,1
3509,TRUMPUSDT,2026-10-02 05:00:39.178786+00,2026-10-02,0.0,-0.10097830235595914,0.3204,0.412,RANGE,1.5139608391952097,0.8780487804877978,1
3511,AVAXUSDT,2026-10-02 05:00:39.576449+00,2026-10-02,0.0,-0.12081506660801196,0.0,0.9679,RANGE,2.0770199504582845,0.9945355191256764,1
3513,HBARUSDT,2026-10-02 05:00:41.279343+00,2026-10-02,0.0,-0.10373141130648926,0.0751,0.9103,RANGE,1.5570773736887107,0.8776595744680813,1
3539,LTCUSDT,2026-10-02 05:45:52.49965+00,2026-10-02,-1.0,-1.46163297828927,1.063,2.0635,RANGE,0.6602336125462773,0.8214285714285315,1
3564,MUUSDT,2026-10-02 07:10:53.520832+00,2026-10-02,-1.0,-1.9302794408162915,7.6938,1.0956,TREND_UP,1.0389738269941637,0.8599999999999758,1
3569,KORUUSDT,2026-10-02 07:16:00.991801+00,2026-10-02,3.0,2.680394407815244,4.3822,0.9738,HIGH_VOLATILITY,0.2656258739532896,0.7142857142857215,1
3580,KORUUSDT,2026-10-02 07:46:06.065808+00,2026-10-02,0.0,-0.2032238825489007,2.4237,0.1763,HIGH_VOLATILITY,0.5056233820495062,0.9333333333333239,1
3586,HBARUSDT,2026-10-02 07:56:05.633247+00,2026-10-02,0.0,-0.2657515744076489,2.1297,0.2057,RANGE,1.2497422392814599,0.6760563380281783,1
3592,MUUSDT,2026-10-02 08:11:01.774468+00,2026-10-02,3.0,2.507923532735561,3.5378,1.4147,TREND_UP,0.27434974133401074,0.943548387096826,5
3619,DOGEUSDT,2026-10-02 08:31:01.052996+00,2026-10-02,0.0,-0.11564313944640046,0.0564,0.8797,RANGE,0.9674530072548098,0.7941176470588217,1
3621,SANDUSDT,2026-10-02 08:31:13.974375+00,2026-10-02,0.0,-0.02678099986494047,2.2684,0.3335,HIGH_VOLATILITY,0.14891233675635726,0.5750000000000014,1
