sl_r,tp_r,timeout_min,N,wins,losses,timeouts,ambiguous,WR,PF,Gross_E_R,Net_E_R,avg_win,avg_loss,median_R,max_losing_streak,total_net_R
0.5,3.0,120,131,73,58,21,1,0.5572519083969466,1.0620727279918218,1.3891486451501849,0.0642717695027875,1.9734317775508088,-2.3386365164886875,0.7869215045685695,6,8.419601804865163
0.5,3.0,15,131,89,42,72,1,0.6793893129770993,1.0555941771555404,1.3734333346841612,0.04857296011275324,1.357511568074058,-2.725130280567154,0.6307605455852501,5,6.363057774770675
0.75,3.0,120,131,79,52,29,1,0.6030534351145038,1.0373992501524272,1.365179004540657,0.04032729701589976,1.8549249944832689,-2.716465358751834,0.8065942628939017,6,5.282875909082868
0.75,3.0,15,131,90,41,75,1,0.6870229007633588,1.040017929040572,1.360485374535219,0.03563859532196735,1.348141819761928,-2.8454660436925803,0.6307605455852501,5,4.668655987177723
0.5,3.0,60,131,76,55,41,1,0.5801526717557252,1.0327096497318162,1.3572475067118914,0.03240412725985436,1.763438726663141,-2.35957095555196,0.5493211204262671,6,4.244940671040921
1.0,3.0,120,131,79,52,38,1,0.6030534351145038,1.0186086529140643,1.345266509040275,0.020435709635792942,1.8549249944832689,-2.7665768577286416,0.8065942628939017,6,2.6770779622888754
0.75,3.0,60,131,81,50,49,1,0.6183206106870229,1.0196660404113589,1.3448846966396732,0.02005429813821202,1.6816467495221492,-2.6717254731037663,0.6573554553932555,6,2.6271130561057747
1.0,3.0,15,131,90,41,76,1,0.6870229007633588,1.021484982328923,1.344310731379048,0.019480935541110547,1.348141819761928,-2.897091737138733,0.6307605455852501,5,2.5520025558854815
1.25,3.0,15,131,90,41,79,1,0.6870229007633588,1.007538210150743,1.3317462884325384,0.006929685259694633,1.348141819761928,-2.9371945124281345,0.6307605455852501,5,0.9077887690199968
1.0,3.0,60,131,82,49,55,1,0.6259541984732825,1.0042352645699022,1.3292001682520735,0.0043862385054192115,1.661516311254111,-2.7687702097679017,0.6573554553932555,6,0.5745972442099166
1.5,3.0,15,131,90,41,80,1,0.6870229007633588,0.994277661051324,1.3194731581639025,-0.005330558222159104,1.348141819761928,-2.976367485504302,0.6307605455852501,5,-0.6983031271028426
0.75,3.0,30,131,83,48,68,1,0.6335877862595419,0.9856075249655188,1.3113428700048209,-0.013452309578673898,1.4539805008508193,-2.5508882109463396,0.5344627409318077,5,-1.7622525548062806
1.25,3.0,120,131,79,52,43,1,0.6030534351145038,0.9859733997344914,1.3088789582737355,-0.015913634202441435,1.8549249944832689,-2.8581492431672704,0.8065942628939017,6,-2.0846860805198277
0.5,3.0,30,131,81,50,60,1,0.6183206106870229,0.9824388686403533,1.3085575814143326,-0.016234673616142094,1.4688683852982567,-2.422101629057468,0.48150692709516363,5,-2.1267422437146144
0.5,3.0,240,131,63,68,7,1,0.48091603053435117,0.9818661177781312,1.3048581523082308,-0.01993021832168244,2.2439040648064554,-2.117306098278634,-0.1083932008367805,6,-2.6108586001404
1.5,3.0,30,131,85,46,76,1,0.648854961832061,0.9726478145737403,1.298518170935484,-0.026263542713987904,1.4393594430903722,-2.7344799295263926,0.5599297342237176,5,-3.4405240955324157
1.5,3.0,120,131,81,50,45,1,0.6183206106870229,0.9764244601343292,1.2974811794711851,-0.027299445337249234,1.828593213780697,-3.0338455531083226,0.8092598867146847,6,-3.5762273391796495
1.0,3.0,30,131,83,48,71,1,0.6335877862595419,0.969328401213681,1.2956291972639418,-0.029149482963174864,1.4539805008508193,-2.593728413308207,0.5344627409318077,5,-3.818582268175907
0.75,3.0,240,131,67,64,11,1,0.5114503816793893,0.9743366637514451,1.294800606577695,-0.029977203629201307,2.225274246731039,-2.390943565725078,0.6347882303840366,6,-3.9270136754253713
1.25,3.0,30,131,84,47,74,1,0.6412213740458015,0.9667411771652018,1.2929854663718476,-0.03179043793783251,1.4410925194814563,-2.664177000134008,0.5344627409318077,5,-4.164547369856059
1.0,3.0,240,131,70,61,18,1,0.5343511450381679,0.9696671969696296,1.2880936404661747,-0.036677127426304426,2.1942127224193326,-2.596714660036052,0.8092598867146847,6,-4.80470369284588
1.25,3.0,60,131,82,49,56,1,0.6259541984732825,0.9658803092108965,1.288031566597721,-0.036739136117196335,1.661516311254111,-2.8787176398814247,0.6573554553932555,6,-4.81282683135272
1.25,3.0,240,131,74,57,23,1,0.5648854961832062,0.970005102307089,1.2875561496450127,-0.037214053882104074,2.1304590539298287,-2.8513861587607536,0.9937545332090115,6,-4.875041058555634
1.5,3.0,60,131,83,48,60,1,0.6335877862595419,0.9649374460641653,1.2865260100181843,-0.038243111862324194,1.6611239530360669,-2.976731994915792,0.6763259978530308,6,-5.00984765396447
1.5,3.0,240,131,75,56,27,1,0.5725190839694656,0.9655872495705599,1.2812085415277517,-0.04355499701084198,2.134617954471262,-2.960750914174374,1.0255235474602216,4,-5.705704608420299
0.5,2.5,15,131,90,41,69,1,0.6870229007633588,0.8973546511802143,1.2334897414856407,-0.09122369231290876,1.1608103614610956,-2.8395911274265773,0.6068284156890261,5,-11.950303692991048
0.75,2.5,15,131,91,40,72,1,0.6946564885496184,0.8868497513505655,1.2224501782832633,-0.10225166397392366,1.1537051291371536,-2.9595533683016244,0.6068284156890261,5,-13.394967980584
0.5,2.5,60,131,77,54,33,1,0.5877862595419847,0.8872137214954002,1.211263116375234,-0.11342697946694959,1.5179900348812545,-2.439706796222722,0.5493211204262671,6,-14.858934310170396
1.0,2.5,15,131,91,40,73,1,0.6946564885496184,0.873081044484895,1.2081839320736574,-0.11650293062500948,1.1537051291371536,-3.0062262665839308,0.6068284156890261,5,-15.261883911876241
0.75,2.5,60,131,82,49,41,1,0.6259541984732825,0.8800701503673983,1.2008087032495807,-0.12387041545882095,1.4521619045213654,-2.761312257058316,0.6573554553932555,6,-16.227024425105544
1.25,2.5,15,131,91,40,76,1,0.6946564885496184,0.8630723671341951,1.1975278860737124,-0.1271477877766544,1.1537051291371536,-3.041088173755568,0.6068284156890261,5,-16.656360198741726
0.5,2.5,120,131,74,57,18,1,0.5648854961832062,0.8702674228212472,1.1883887570814367,-0.13627732068348836,1.618329099830758,-2.4141874104739136,0.6369341647330278,6,-17.852329009536973
1.5,2.5,15,131,91,40,77,1,0.6946564885496184,0.8535550246252351,1.1871631527516417,-0.13750163812873714,1.1537051291371536,-3.074997033658639,0.6068284156890261,5,-18.012714594864565
1.0,2.5,60,131,83,48,47,1,0.6335877862595419,0.8685280605685668,1.187032571808546,-0.13763208196184276,1.4350388793047586,-2.857042285818675,0.6573554553932555,6,-18.0298027370014
0.75,2.5,120,131,80,51,25,1,0.6106870229007634,0.8669239423180594,1.1794166089757288,-0.14524004803368515,1.5493472412918974,-2.803416188152246,0.7660355981792482,6,-19.026446292412754
0.75,2.5,30,131,84,47,65,1,0.6412213740458015,0.8355570947184698,1.1687879409737847,-0.15585755593422743,1.2350395385560677,-2.641716192895606,0.4938594178443347,5,-20.417339827383792
0.5,2.5,30,131,82,49,57,1,0.6259541984732825,0.8291128569945939,1.1640942554367315,-0.1605463131014666,1.2444058399664693,-2.511690732521277,0.3600545145754457,5,-21.031567016292126
1.5,2.5,240,131,79,52,23,1,0.6030534351145038,0.8706872266281653,1.1635556855872162,-0.16108431745263993,1.7985321796440752,-3.1381939957341873,1.2883372097435428,4,-21.10204558629583
1.5,2.5,30,131,86,45,73,1,0.6564885496183206,0.8315930954126526,1.1616884327441424,-0.16294960968022845,1.225680143381085,-2.8167753599751832,0.5599297342237176,5,-21.346398868109926
1.0,2.5,120,131,80,51,34,1,0.6106870229007634,0.8528695750798625,1.1614125104219115,-0.16322524228402097,1.5493472412918974,-2.8496134518148737,0.7660355981792482,6,-21.382506739206747
0.75,2.5,240,131,71,60,8,1,0.5419847328244275,0.8552519756392606,1.1562812599666212,-0.16835110492633323,1.8353139231694628,-2.5393547215063585,0.8972554567008009,6,-22.053994745349655
1.0,2.5,30,131,84,47,68,1,0.6412213740458015,0.8235737347431973,1.1549826651794706,-0.1696483361889574,1.2350395385560677,-2.6801543250949598,0.4938594178443347,5,-22.223932040753418
1.25,2.5,30,131,85,46,71,1,0.648854961832061,0.8234651605584693,1.1542473312339412,-0.17038289803384404,1.2248789565239293,-2.7485841510210345,0.4938594178443347,5,-22.32015964243357
1.5,2.5,60,131,84,47,51,1,0.6412213740458015,0.8444969271005673,1.1538709004417764,-0.17075893357367702,1.4462205940294706,-3.0606797914176,0.6763259978530308,6,-22.36942029815169
1.0,2.5,240,131,74,57,15,1,0.5648854961832062,0.855520970856269,1.1514826908016658,-0.17314463559366544,1.8149909403162912,-2.7542329271258894,1.1008907205530858,4,-22.681947262770173
0.5,2.5,240,131,66,65,5,1,0.5038167938931297,0.8407389387707463,1.1492692640665674,-0.175355738230692,1.8373796374411853,-2.219056273528291,0.13531323038403675,6,-22.971601708220653
1.25,2.5,60,131,83,48,48,1,0.6335877862595419,0.8371648379927983,1.147772367100758,-0.1768510634546873,1.4350388793047586,-2.9640774228095625,0.6573554553932555,6,-23.167489312564037
1.25,2.5,240,131,77,54,19,1,0.5877862595419847,0.8502340306145229,1.139368942559439,-0.18524566440023782,1.7891797101449876,-3.0006299947702817,1.1908066447352483,4,-24.267182036431155
1.5,2.5,120,131,82,49,40,1,0.6259541984732825,0.8303952974285126,1.1269524160251747,-0.19764915358164115,1.5459640606937843,-3.1155324917568428,0.7869215045685695,6,-25.89203911919499
1.25,2.5,120,131,80,51,39,1,0.6106870229007634,0.8271881097185886,1.1269333566019373,-0.19766819299248437,1.5493472412918974,-2.938084560497397,0.7660355981792482,6,-25.894533282015452
0.5,2.0,15,131,89,42,58,1,0.6793893129770993,0.7723556663135444,1.1190640915122252,-0.20552919535385233,1.026396832989558,-2.8160391125577457,0.6307605455852501,5,-26.924324591354655
0.75,2.0,15,131,90,41,61,1,0.6870229007633588,0.7656393207725583,1.109932925256413,-0.21465077388509604,1.0207061372894783,-2.926409847195137,0.6307605455852501,5,-28.11925137894758
1.0,2.0,15,131,90,41,62,1,0.6870229007633588,0.7554569558277234,1.097575075993372,-0.22699564740641068,1.0207061372894783,-2.9658532235681183,0.6307605455852501,5,-29.736429810239798
1.25,2.0,15,131,90,41,65,1,0.6870229007633588,0.7484114318131034,1.0888274269399922,-0.23573411142828438,1.0207061372894783,-2.993773681784349,0.6307605455852501,5,-30.881168597105255
1.0,2.0,240,131,81,50,12,1,0.6183206106870229,0.7852741585758645,1.0850035592153604,-0.2395539640918053,1.4168589946198578,-2.9229429572046994,1.2226340175124746,4,-31.381569296026495
1.5,2.0,240,131,85,46,16,1,0.648854961832061,0.792784905392987,1.0842608008174999,-0.24029594259334805,1.4168790924527082,-3.302467203004539,1.279094690265474,4,-31.478768479728593
0.75,2.0,120,131,84,47,17,1,0.6412213740458015,0.771207774252249,1.0830253064826683,-0.24153013965912826,1.2696776584314584,-2.9424121617784746,1.0136643408214212,6,-31.640448295345802
0.75,2.0,60,131,85,46,36,1,0.648854961832061,0.7576897196637565,1.0814110141220574,-0.2431427370127604,1.1717453152199142,-2.857609790051398,0.7888622097435427,6,-31.851698548671614
1.5,2.0,15,131,90,41,66,1,0.6870229007633588,0.7417243442928724,1.0803710905644865,-0.24418156865059595,1.0207061372894783,-3.0207643377873445,0.6307605455852501,5,-31.98778549322807
0.75,2.0,30,131,85,46,54,1,0.648854961832061,0.7409288499143374,1.0797149129500812,-0.24483705727850594,1.0791628175802253,-2.6913585651696397,0.668568158652383,5,-32.07365450348428
0.5,2.0,120,131,78,53,12,1,0.5954198473282443,0.76073599681966,1.0792964146651733,-0.24525511614021492,1.3096383103237135,-2.5335888381059966,0.917634865988902,6,-32.128420214368155
1.0,2.0,60,131,86,45,42,1,0.6564885496183206,0.7545668437224212,1.077176867413847,-0.24737243786692717,1.1584802628515782,-2.9341131547956265,0.7888622097435427,6,-32.40578936056746
1.0,2.0,120,131,84,47,26,1,0.6412213740458015,0.7650814466754584,1.0745631926616754,-0.24998336826060905,1.2696776584314584,-2.965973288306006,1.0136643408214212,6,-32.747821242139786
0.5,2.0,60,131,80,51,29,1,0.6106870229007634,0.7460495009113043,1.0742040999129974,-0.25034208396190105,1.2042973905440604,-2.5321294949516444,0.6763259978530308,6,-32.79481299900904
1.5,2.0,30,131,87,44,61,1,0.6641221374045801,0.7381359552162083,1.0716211027336917,-0.2529223689941684,1.0734943745561236,-2.8756100210140643,0.7143065983058374,5,-33.13283033823606
0.5,2.0,30,131,83,48,46,1,0.6335877862595419,0.730653048679291,1.0712044335198982,-0.2533386007052874,1.0846602064199988,-2.5669615380260953,0.4938594178443347,5,-33.18735669239265
0.75,2.0,240,131,78,53,6,1,0.5954198473282443,0.7684728313138718,1.0704548028134562,-0.2540874442994875,1.4164017512975373,-2.7125432415932225,1.095602499530163,6,-33.285455203232864
1.25,2.0,240,131,83,48,14,1,0.6335877862595419,0.7771598458245678,1.0681919682757306,-0.2563479028609488,1.4110417873224375,-3.139542575469721,1.2284171859941981,4,-33.58157527478429
1.25,2.0,30,131,86,45,59,1,0.6564885496183206,0.7283151691853031,1.0622716042769251,-0.2622620504775552,1.0709329018621332,-2.8101457371711818,0.668568158652383,5,-34.35632861255973
1.0,2.0,30,131,85,46,56,1,0.648854961832061,0.7266302288949951,1.0610985412758898,-0.2634338817624397,1.0791628175802253,-2.744319087069538,0.668568158652383,5,-34.509838510879604
1.5,2.0,60,131,87,44,46,1,0.6641221374045801,0.7449754911296393,1.0592823716195974,-0.26524814444059297,1.166714143924325,-3.0966281237075894,0.7970796200343961,6,-34.74750692171768
0.5,2.0,240,131,73,58,4,1,0.5572519083969466,0.7457808985801307,1.056938574039756,-0.26758948103297536,1.4087065996997055,-2.3774104102310045,0.9479000000000108,6,-35.05422201531977
1.5,2.0,120,131,86,45,32,1,0.6564885496183206,0.7555402284202304,1.0553702738374582,-0.26915613452006076,1.2671479300207094,-3.205203902309088,1.0172238952104014,6,-35.25945362212796
1.25,2.0,120,131,84,47,31,1,0.6412213740458015,0.7475807548896827,1.0496260235745256,-0.27489435332021733,1.2696776584314584,-3.0354060338976803,1.0136643408214212,6,-36.011160284948474
1.25,2.0,60,131,86,45,43,1,0.6564885496183206,0.7329775159203787,1.0474586474388838,-0.27705945371091667,1.1584802628515782,-3.0205353564747957,0.7888622097435427,6,-36.294788436130084
1.0,1.5,240,131,87,44,9,2,0.6641221374045801,0.6296889519913039,0.9267613174725658,-0.39763005148076985,1.018100490981281,-3.1969154422580064,0.8623366009006093,4,-52.08953674398085
1.25,1.5,240,131,89,42,11,2,0.6793893129770993,0.6313914111197032,0.9214001082123253,-0.40298563147128724,1.0160242415609584,-3.4099351243253317,0.8830473284863707,4,-52.791117722738626
0.5,1.5,15,131,87,44,47,3,0.6641221374045801,0.5703427709064977,0.9212072368576517,-0.4031783003110385,0.8058663295968984,-2.7937892730835503,0.5282664840216688,5,-52.816357340746045
1.0,1.5,15,131,89,42,51,2,0.6793893129770993,0.5739275122652387,0.9188021908044474,-0.4055808210658869,0.8041410841511224,-2.9690391440257398,0.5463412773313586,5,-53.13108755963118
1.0,1.5,60,131,87,44,28,2,0.6641221374045801,0.5972363748859671,0.915130973847334,-0.4092481832451953,0.9137656176461931,-3.025207289553168,0.7289421859941981,6,-53.61151200512058
0.75,1.5,15,131,88,43,50,3,0.6717557251908397,0.566647419522455,0.9120760706018393,-0.4122998788422822,0.8025523283512789,-2.8985090470523605,0.5282664840216688,5,-54.01128412833897
1.25,1.5,15,131,89,42,53,2,0.6793893129770993,0.5677802984914259,0.9084853159044104,-0.41588686324727886,0.8041410841511224,-3.0011841803534147,0.5463412773313586,5,-54.48117908539353
1.5,1.5,15,131,89,42,54,2,0.6793893129770993,0.5628390174670292,0.9000289795289046,-0.42433432046959035,0.8041410841511224,-3.027532201689672,0.5463412773313586,5,-55.58779598151634
0.75,1.5,60,131,85,46,22,3,0.648854961832061,0.584562790957856,0.8983727541433307,-0.4259888068185095,0.9237965450486876,-2.920157391790504,0.7231590175124955,6,-55.80453369322474
1.0,1.5,120,131,86,45,17,2,0.6564885496183206,0.5934617371001847,0.8938616036111606,-0.43049522064262064,0.957265649572154,-3.0826604392753016,0.8073494938346947,6,-56.39487390418331
1.0,1.5,30,131,84,47,44,2,0.6412213740458015,0.5582877807590365,0.8913048756928558,-0.43304926399661137,0.8535874545535618,-2.7325702077884104,0.4938594178443347,5,-56.72945358355609
1.25,1.5,60,131,87,44,29,2,0.6641221374045801,0.5824058461711364,0.8892295477655008,-0.43512241282964265,0.9137656176461931,-3.1022419276341364,0.7289421859941981,6,-57.001036080683186
0.75,1.5,30,131,83,48,42,3,0.6335877862595419,0.5536668667869398,0.8889288809548338,-0.4354227639401585,0.8524987299754441,-2.6624536805025545,0.48150692709516363,5,-57.04038207616076
0.5,1.5,60,131,81,50,18,3,0.6183206106870229,0.5659709212736941,0.8880741362212976,-0.43627661119172434,0.9200755696225751,-2.6335671441108897,0.596127499530163,6,-57.15223606611589
0.75,1.5,240,131,83,48,3,3,0.6335877862595419,0.5957155573375786,0.8874034007653183,-0.4369466423754749,1.016186736841368,-2.9496564439379322,0.8201885296394265,6,-57.240010151187214
1.25,1.5,30,131,84,47,46,2,0.6412213740458015,0.5517509875219875,0.8796776589246608,-0.44466427218719984,0.8535874545535618,-2.764943954021753,0.4938594178443347,5,-58.25101965652318
1.5,1.5,240,131,89,42,11,2,0.6793893129770993,0.6080643216169516,0.8794153753878969,-0.44492628032625,1.0160242415609584,-3.540750005277715,0.8830473284863707,4,-58.28534272273875
0.5,1.5,30,131,81,50,34,3,0.6183206106870229,0.5417840871232142,0.8785100045780858,-0.44583070049671086,0.852535212672872,-2.5491834798314352,0.4181598659889021,5,-58.403821765069125
0.75,1.5,120,131,85,46,8,3,0.648854961832061,0.5816453154842282,0.8775145571268099,-0.44682510272816284,0.95742228551374,-3.041630059262114,0.8070001437174871,6,-58.53408845738933
0.5,1.5,120,131,80,51,5,3,0.6106870229007634,0.5674550434689176,0.8750719388583971,-0.4492651562473938,0.9651265294586236,-2.667918780884284,0.7625907922350657,6,-58.853735468408594
0.5,1.5,240,131,78,53,2,3,0.5954198473282443,0.5692665219892021,0.8722282338202647,-0.45210587539523617,1.0035149809560249,-2.594340343232941,0.7796196902654742,6,-59.225869676775936
1.25,1.5,120,131,86,45,21,2,0.6564885496183206,0.5814581745333789,0.8719782017388111,-0.4523556449430041,0.957265649572154,-3.146298563349751,0.8073494938346947,6,-59.25858948753354
1.5,1.5,60,131,87,44,31,2,0.6641221374045801,0.5728879744380282,0.8719001514277053,-0.45243361330128345,0.9137656176461931,-3.153782092674703,0.7289421859941981,6,-59.26880334246813
1.5,1.5,30,131,84,47,47,2,0.6412213740458015,0.5456955678595912,0.8686581316596957,-0.45567222894853654,0.8535874545535618,-2.7956257058459038,0.4938594178443347,5,-59.693061992258286
1.5,1.5,120,131,86,45,21,2,0.6564885496183206,0.5635649826421734,0.8376270567006424,-0.48667072127888283,0.957265649572154,-3.2461935633497534,0.8073494938346947,6,-63.753864487533654
1.25,1.0,240,131,98,33,5,2,0.7480916030534351,0.42915071147710276,0.7476066575010625,-0.5765965990593033,0.5794362602059333,-4.009663878089399,0.46614455120904563,4,-75.53415447676873
1.0,1.0,240,131,96,35,4,2,0.732824427480916,0.41921579566920214,0.7378080212202893,-0.5863849467719816,0.5775714498698842,-3.7789510632753847,0.45423420694349403,4,-76.81642802712959
1.0,1.0,60,131,92,39,18,2,0.7022900763358778,0.39427062522848194,0.7288717417393585,-0.5953118431594574,0.5517518235099036,-3.301205620943591,0.4004827478660524,4,-77.98585145388891
1.5,1.0,240,131,98,33,5,2,0.7480916030534351,0.41964627290381235,0.7247058941422839,-0.5994733166165551,0.5794362602059333,-4.100477514453035,0.46614455120904563,4,-78.53100447676871
1.25,1.0,60,131,92,39,18,2,0.7022900763358778,0.38750563599439564,0.7116961692202747,-0.6124693813273963,0.5517518235099036,-3.358837351712822,0.4004827478660524,4,-80.23348895388891
1.5,1.0,60,131,92,39,20,2,0.7022900763358778,0.38524307213202563,0.7058171545618692,-0.6183422230204104,0.5517518235099036,-3.378564076373972,0.4004827478660524,4,-81.00283121567377
0.75,1.0,60,131,90,41,12,3,0.6870229007633588,0.38178179405950696,0.7025715373025315,-0.6215844323816258,0.5587304484092309,-3.2125195365566768,0.3957204114261351,5,-81.42756064199297
1.0,1.0,120,131,91,40,13,2,0.6946564885496184,0.3833283994241367,0.7016056071213052,-0.6225493483361619,0.5570840618882108,-3.306215356596609,0.4004827478660524,5,-81.55396463203721
1.25,1.0,120,131,91,40,17,2,0.6946564885496184,0.38155095034087066,0.6968977777680389,-0.6272522344686072,0.5570840618882108,-3.3216173086803678,0.4004827478660524,5,-82.17004271538755
0.5,1.0,60,131,87,44,9,3,0.6641221374045801,0.36818239408138764,0.6965019291981916,-0.6276476673974561,0.5507306612617634,-2.957622999064549,0.3835723284863879,5,-82.22184442906675
1.0,1.0,30,131,87,44,26,2,0.6641221374045801,0.3639427438681754,0.6941080946813935,-0.6300389883880116,0.5428206017857625,-2.949102268958883,0.36286160090060926,5,-82.53510747882953
0.75,1.0,240,131,92,39,0,3,0.7022900763358778,0.38944178491526565,0.6927480916030536,-0.6313975634631191,0.5734582933979039,-3.473621636058353,0.44241483884467303,5,-82.71308081366861
0.75,1.0,30,131,86,45,24,3,0.6564885496183206,0.3608888054194857,0.6917320999433714,-0.6324124883315588,0.5439641367537674,-2.8805989273835153,0.3500344603215114,5,-82.8460359714342
0.5,1.0,15,131,85,46,25,3,0.648854961832061,0.3500023476409556,0.6915316579260431,-0.6326127198847689,0.5249880999483459,-2.7716577130546547,0.32038768609100565,5,-82.87226630490473
1.0,1.0,15,131,87,44,29,2,0.6641221374045801,0.35398623111542876,0.6891266118728389,-0.6350152406396172,0.5239390725302197,-2.9265839962254314,0.3226156538802607,5,-83.18699652378986
1.25,1.0,30,131,87,44,28,2,0.6641221374045801,0.3610984614067361,0.6862976718063281,-0.6378412103190582,0.5428206017857625,-2.972331611526317,0.36286160090060926,5,-83.55719855179662
0.75,1.0,15,131,86,45,28,3,0.6564885496183206,0.35002896582616205,0.6843088886167956,-0.6398279052862416,0.5248630548324624,-2.8656817401797645,0.32071352963942645,5,-83.81745559249765
1.25,1.0,15,131,87,44,31,2,0.6641221374045801,0.350987000924225,0.6807181339193669,-0.6434148896912382,0.5239390725302197,-2.951592042265484,0.3226156538802607,5,-84.2873505495522
1.5,1.0,120,131,91,40,17,2,0.6946564885496184,0.3752037263301787,0.679722205248955,-0.6444097726365461,0.5570840618882108,-3.3778082461803676,0.4004827478660524,5,-84.41768021538753
0.5,1.0,240,131,87,44,0,3,0.6641221374045801,0.3681668786363834,0.6793893129770988,-0.6447423153715168,0.5656926613610559,-3.0381023830018306,0.3869841797254784,5,-84.4612433136687
0.5,1.0,30,131,84,47,17,3,0.6412213740458015,0.3490235613749997,0.6791786171693425,-0.6449527899486749,0.5392739116241776,-2.761443065100156,0.32071352963942645,5,-84.48881548327641
1.5,1.0,30,131,87,44,29,2,0.6641221374045801,0.35851459952912434,0.679094938434493,-0.6450363808208528,0.5428206017857625,-2.9937535964293875,0.36286160090060926,5,-84.49976588753172
1.5,1.0,15,131,87,44,32,2,0.6641221374045801,0.34868637678265735,0.6741701944904259,-0.6499559537837788,0.5239390725302197,-2.9710665739955484,0.3226156538802607,5,-85.14422994567502
0.5,1.0,120,131,86,45,3,3,0.6564885496183206,0.35804998440110264,0.6720906593330196,-0.6520333054292697,0.5539684989706104,-2.9568367538379294,0.3835723284863879,5,-85.41636301123434
0.75,1.0,120,131,90,41,4,3,0.6870229007633588,0.37032656861442853,0.6718997820110011,-0.6522239823301,0.5583352559698871,-3.3095491395739747,0.3957204114261351,5,-85.4413416852431
