signal_id,observation_id,symbol,signal_time,reference_price,invalidation_price,initial_risk,initial_risk_pct,market_regime,status,n_path_candles,mfe_full_r,mae_full_r,mfe_group,archetype,db_mfe_r_240m,db_mae_r_240m
375,434,INJUSDT,2026-09-25 22:28:53.315803+00:00,7.842,7.863242,0.021242,0.2709,RANGE,GEOMETRY_REJECTED,48,18.8777,-0.2825,MFE>=3R,E_FAILED_SIGNAL,0.0,18.8777
708,787,AEROUSDT,2026-09-26 01:24:09.959731+00:00,0.8341,0.8245476,0.0095524,1.1452,HIGH_VOLATILITY,GATE_REJECTED,48,7.0872,-0.0314,MFE>=3R,E_FAILED_SIGNAL,7.0872,0.0
1067,1167,ZECUSDT,2026-09-26 04:49:24.956842+00:00,1534.77,1524.98392,9.78608,0.6376,RANGE,GATE_REJECTED,48,0.4537,0.8563,MFE<0.5R,E_FAILED_SIGNAL,0.4537,0.8563
1084,1184,ZECUSDT,2026-09-26 04:59:26.019486+00:00,1534.77,1527.95796,6.81204,0.4438,RANGE,GATE_REJECTED,48,0.6518,1.2302,MFE>=0.5R,E_FAILED_SIGNAL,0.6518,1.2302
1448,1560,XRPUSDT,2026-09-26 08:28:48.346861+00:00,1.5452,1.539914,0.005286,0.3421,RANGE,GATE_REJECTED,48,2.0242,1.9864,MFE>=2R,E_FAILED_SIGNAL,2.0242,1.9864
1612,1729,HYPEUSDT,2026-09-26 09:23:59.969549+00:00,91.45,91.09744,0.35256,0.3855,TREND_DOWN,GATE_REJECTED,48,2.5244,0.1135,MFE>=2R,E_FAILED_SIGNAL,2.5244,0.1135
1681,1802,HYPEUSDT,2026-09-26 09:54:04.800054+00:00,91.45,91.23716,0.21284,0.2327,TREND_DOWN,GATE_REJECTED,48,4.1815,-1.1276,MFE>=3R,E_FAILED_SIGNAL,4.1815,0.0
1695,1816,NEARUSDT,2026-09-26 10:04:06.084142+00:00,4.852,4.777426,0.074574,1.537,RANGE,GATE_REJECTED,48,1.6091,1.2873,MFE>=1R,E_FAILED_SIGNAL,1.6091,1.2873
1711,1833,DOGEUSDT,2026-09-26 10:09:11.604607+00:00,0.09719,0.09681598,0.00037402,0.3848,RANGE,GATE_REJECTED,48,2.4063,1.3636,MFE>=2R,E_FAILED_SIGNAL,2.4063,1.3636
1714,1836,ADAUSDT,2026-09-26 10:09:12.866139+00:00,0.2536,0.25329240000000003,0.0003076,0.1213,TREND_UP,GATE_REJECTED,48,14.9545,-0.3251,MFE>=3R,E_FAILED_SIGNAL,14.9545,0.0
1718,1840,XLMUSDT,2026-09-26 10:09:20.167714+00:00,0.2166,0.2159672,0.0006328,0.2922,RANGE,GATE_REJECTED,30,6.6372,-1.4223,MFE>=3R,E_FAILED_SIGNAL,6.6372,0.6321
1720,1842,PENGUUSDT,2026-09-26 10:09:21.573054+00:00,0.010049,0.009977006,7.199e-05,0.7164,RANGE,GATE_REJECTED,48,2.6808,0.6528,MFE>=2R,E_FAILED_SIGNAL,2.6808,0.6528
1722,1844,FARTCOINUSDT,2026-09-26 10:09:24.875477+00:00,0.19093,0.19082758,0.00010242,0.0536,TREND_UP,GATE_REJECTED,48,46.28,-3.6126,MFE>=3R,E_FAILED_SIGNAL,46.28,0.0
1745,1867,NEARUSDT,2026-09-26 10:19:08.967705+00:00,4.852,4.841298,0.010702,0.2206,TREND_UP,GATE_REJECTED,48,11.2129,8.9703,MFE>=3R,E_FAILED_SIGNAL,11.2129,8.9703
1761,1885,SOLUSDT,2026-09-26 10:24:09.282809+00:00,120.11,119.70012,0.40988,0.3413,TREND_UP,GATE_REJECTED,48,3.7572,-0.244,MFE>=3R,E_FAILED_SIGNAL,3.7572,0.0
1774,1898,ZECUSDT,2026-09-26 10:29:09.813850+00:00,1526.39,1521.6506,4.7394,0.3105,RANGE,GATE_REJECTED,48,5.3446,0.1561,MFE>=3R,E_FAILED_SIGNAL,5.3446,0.1561
2218,2374,BTCUSDT,2026-09-26 13:54:41.338082+00:00,83907.0,83652.0606,254.9394,0.3038,RANGE,GATE_REJECTED,48,1.074,0.1369,MFE>=1R,E_FAILED_SIGNAL,1.074,0.1369
2224,2380,1000PEPEUSDT,2026-09-26 13:54:50.793276+00:00,0.004377,0.004345292000000001,3.171e-05,0.7244,RANGE,GATE_REJECTED,30,2.8699,0.2208,MFE>=2R,E_FAILED_SIGNAL,2.8699,0.2208
2287,2446,INJUSDT,2026-09-26 14:20:01.725390+00:00,7.74,7.72452,0.01548,0.2,RANGE,GATE_REJECTED,30,9.0439,0.1292,MFE>=3R,E_FAILED_SIGNAL,9.0439,2.5194
2306,2465,AEROUSDT,2026-09-26 14:29:58.414094+00:00,0.8968,0.8904156,0.0063844,0.7119,HIGH_VOLATILITY,GATE_REJECTED,47,1.8013,4.1351,MFE>=1R,E_FAILED_SIGNAL,1.8013,4.1351
2324,2483,PUMPFUNUSDT,2026-09-26 14:39:57.400487+00:00,0.004435,0.004394194,4.081e-05,0.9201,HIGH_VOLATILITY,GATE_REJECTED,48,1.3723,0.4901,MFE>=1R,E_FAILED_SIGNAL,1.3723,0.4901
3244,3418,XPLUSDT,2026-09-27 00:41:22.743605+00:00,0.11011,0.10899158,0.00111842,1.0157,HIGH_VOLATILITY,GATE_REJECTED,48,1.3769,1.7972,MFE>=1R,E_FAILED_SIGNAL,1.3769,1.7972
3629,3810,XPLUSDT,2026-09-27 04:21:56.683041+00:00,0.10921,0.10870216,0.00050784,0.465,HIGH_VOLATILITY,GATE_REJECTED,48,7.9946,-0.2757,MFE>=3R,E_FAILED_SIGNAL,7.9946,0.0
3699,3880,DASHUSDT,2026-09-27 04:57:07.938823+00:00,70.59,70.43884,0.15116,0.2141,HIGH_VOLATILITY,GATE_REJECTED,48,15.8111,0.0,MFE>=3R,E_FAILED_SIGNAL,15.8111,0.0
3713,3894,RAREUSDT,2026-09-27 05:07:00.457190+00:00,0.018881,0.018646632,0.00023437,1.2413,HIGH_VOLATILITY,GATE_REJECTED,30,16.7258,-3.9937,MFE>=3R,E_FAILED_SIGNAL,16.7258,0.0
3741,3922,LINKUSDT,2026-09-27 05:22:04.239505+00:00,14.025,13.984974,0.040026,0.2854,TREND_UP,GATE_REJECTED,48,11.3676,-1.524,MFE>=3R,E_FAILED_SIGNAL,11.3676,0.0
3746,3927,AAVEUSDT,2026-09-27 05:22:09.348913+00:00,154.29,154.191,0.099,0.0642,TREND_UP,GATE_REJECTED,48,30.404,-5.9596,MFE>=3R,E_FAILED_SIGNAL,30.404,0.0
4068,4255,QNTUSDT,2026-09-27 08:37:28.095665+00:00,168.22,170.9574,2.7374,1.6273,HIGH_VOLATILITY,GEOMETRY_REJECTED,48,5.3956,3.5508,MFE>=3R,E_FAILED_SIGNAL,3.5508,5.3956
4297,4496,AKEUSDT,2026-09-27 10:53:01.744015+00:00,0.0329,0.032716436,0.00018356,0.5579,TREND_DOWN,GATE_REJECTED,30,1.8849,3.8461,MFE>=1R,E_FAILED_SIGNAL,1.8849,3.8461
4365,4566,XPLUSDT,2026-09-27 11:32:50.919455+00:00,0.10968,0.1096303,4.97e-05,0.0453,HIGH_VOLATILITY,GATE_REJECTED,48,69.8189,131.7907,MFE>=3R,E_FAILED_SIGNAL,69.8189,131.7907
4411,4614,SUIUSDT,2026-09-27 11:57:49.403977+00:00,1.2412,1.2349252,0.0062748,0.5055,HIGH_VOLATILITY,GATE_REJECTED,48,4.4304,2.7889,MFE>=3R,E_FAILED_SIGNAL,4.4304,2.7889
4419,4623,MUBARAKUSDT,2026-09-27 11:58:08.141042+00:00,0.054613,0.053523738,0.00108926,1.9945,HIGH_VOLATILITY,GATE_REJECTED,30,1.7911,-0.0771,MFE>=1R,E_FAILED_SIGNAL,1.7911,0.493
4420,4624,APTUSDT,2026-09-27 11:58:08.760328+00:00,0.8522,0.8498968,0.0023032,0.2703,TREND_UP,GATE_REJECTED,30,2.0406,6.1653,MFE>=2R,E_FAILED_SIGNAL,2.0406,9.8993
4465,4673,AVAXUSDT,2026-09-27 12:17:57.413017+00:00,10.968,10.950056,0.017944,0.1636,TREND_UP,GATE_REJECTED,30,3.3995,9.9198,MFE>=3R,E_FAILED_SIGNAL,3.7896,9.9198
4979,5191,LTCUSDT,2026-09-27 15:23:28.623956+00:00,70.6,70.18934,0.41066,0.5817,RANGE,GATE_REJECTED,48,1.802,-0.6331,MFE>=1R,E_FAILED_SIGNAL,1.802,0.0
4990,5201,LTCUSDT,2026-09-27 15:28:27.445221+00:00,70.6,70.29912,0.30088,0.4262,RANGE,GATE_REJECTED,48,2.4595,-1.0635,MFE>=2R,E_FAILED_SIGNAL,2.4595,0.0
5024,5236,XPLUSDT,2026-09-27 15:53:26.184577+00:00,0.10469,0.10305348,0.00163652,1.5632,RANGE,GATE_REJECTED,48,1.7843,0.6294,MFE>=1R,E_FAILED_SIGNAL,1.7843,0.6294
5086,5298,DASHUSDT,2026-09-27 16:23:39.885095+00:00,67.22,67.18535999999999,0.03464,0.0515,HIGH_VOLATILITY,GATE_REJECTED,30,69.5727,-17.8984,MFE>=3R,E_FAILED_SIGNAL,73.037,0.0
5410,5630,VVVUSDT,2026-09-27 19:59:21.294045+00:00,29.683,29.46096,0.22204,0.748,TREND_DOWN,GATE_REJECTED,30,1.833,2.0222,MFE>=1R,E_FAILED_SIGNAL,1.833,4.265
5534,5756,MARSCOINUSDT,2026-09-27 21:04:29.908547+00:00,0.12608,0.1253987,0.0006813,0.5404,HIGH_VOLATILITY,GATE_REJECTED,48,2.3925,7.06,MFE>=2R,E_FAILED_SIGNAL,2.3925,7.06
5684,5913,DOGEUSDT,2026-09-27 21:59:20.083078+00:00,0.09649,0.0961074,0.0003826,0.3965,TREND_UP,GATE_REJECTED,48,3.4239,3.4762,MFE>=3R,E_FAILED_SIGNAL,3.4239,3.4762
5687,5916,LINKUSDT,2026-09-27 21:59:25.388788+00:00,13.959,13.906132,0.052868,0.3787,RANGE,GATE_REJECTED,48,3.8398,1.3241,MFE>=3R,E_FAILED_SIGNAL,3.8398,1.3241
5694,5923,MARSCOINUSDT,2026-09-27 21:59:38.041384+00:00,0.12608,0.1250993,0.0009807,0.7778,HIGH_VOLATILITY,GATE_REJECTED,48,0.622,8.29,MFE>=0.5R,E_FAILED_SIGNAL,0.622,8.29
5966,6201,ETHUSDT,2026-09-27 23:34:28.144596+00:00,2680.7,2666.88554,13.81446,0.5153,RANGE,GATE_REJECTED,48,1.6019,2.9462,MFE>=1R,E_FAILED_SIGNAL,1.6019,2.9462
5969,6204,QUSDT,2026-09-27 23:34:34.454341+00:00,0.03068,0.03050886,0.00017114,0.5578,HIGH_VOLATILITY,GATE_REJECTED,30,7.5961,4.6745,MFE>=3R,E_FAILED_SIGNAL,7.5961,21.4444
5982,6218,LINKUSDT,2026-09-27 23:39:41.489698+00:00,13.959,13.888168,0.070832,0.5074,RANGE,GATE_REJECTED,48,2.8659,1.1718,MFE>=2R,E_FAILED_SIGNAL,2.8659,1.1718
6120,6360,NEARUSDT,2026-09-28 00:29:39.263045+00:00,5.352,5.305368,0.046632,0.8713,HIGH_VOLATILITY,GATE_REJECTED,48,0.7291,3.8815,MFE>=0.5R,E_FAILED_SIGNAL,0.7291,3.8815
6128,6368,TAOUSDT,2026-09-28 00:29:44.672367+00:00,318.31,315.38795999999996,2.92204,0.918,RANGE,GATE_REJECTED,48,0.6023,4.5687,MFE>=0.5R,E_FAILED_SIGNAL,0.6023,4.5687
6426,6675,SOONUSDT,2026-09-28 03:10:10.093475+00:00,0.2987,0.3005976,0.0018976,0.6353,HIGH_VOLATILITY,GEOMETRY_REJECTED,30,35.4659,-3.0565,MFE>=3R,E_FAILED_SIGNAL,0.0,35.4659
6476,6726,USUSDT,2026-09-28 04:20:38.482602+00:00,0.02691,0.02533922,0.00157078,5.8372,HIGH_VOLATILITY,GATE_REJECTED,48,1.2287,0.7703,MFE>=1R,E_FAILED_SIGNAL,1.2287,0.7703
6726,6985,BNBUSDT,2026-09-28 08:11:11.392715+00:00,760.8,757.5818,3.2182,0.423,TREND_DOWN,GATE_REJECTED,48,2.2062,1.0565,MFE>=2R,E_FAILED_SIGNAL,2.2062,1.0565
6732,6991,AAVEUSDT,2026-09-28 08:16:04.214610+00:00,148.23,146.32676,1.90324,1.284,RANGE,GATE_REJECTED,48,1.0824,1.0403,MFE>=1R,E_FAILED_SIGNAL,1.0824,1.0403
6738,6996,GRTUSDT,2026-09-28 08:16:14.499086+00:00,0.03191,0.031466940000000006,0.00044306,1.3885,HIGH_VOLATILITY,GATE_REJECTED,30,1.8282,2.0313,MFE>=1R,E_FAILED_SIGNAL,1.941,2.0313
6783,7042,LTCUSDT,2026-09-28 08:56:12.179762+00:00,70.01,69.76020000000001,0.2498,0.3568,RANGE,GATE_REJECTED,48,9.6477,2.562,MFE>=3R,E_FAILED_SIGNAL,9.6477,2.562
6914,7173,BNBUSDT,2026-09-28 10:21:32.229924+00:00,758.7,757.3822,1.3178,0.1737,TREND_DOWN,GATE_REJECTED,30,8.1955,-0.8347,MFE>=3R,E_FAILED_SIGNAL,8.499,0.0
6934,7193,LINKUSDT,2026-09-28 10:41:27.002063+00:00,13.688,13.650644000000002,0.037356,0.2729,RANGE,GATE_REJECTED,48,36.6742,-4.8185,MFE>=3R,E_FAILED_SIGNAL,36.6742,0.0
6963,7222,LINKUSDT,2026-09-28 11:06:29.623121+00:00,13.889,13.840264,0.048736,0.3509,RANGE,GATE_REJECTED,48,23.9864,-0.8413,MFE>=3R,E_FAILED_SIGNAL,23.9864,0.0
6992,7251,MARSCOINUSDT,2026-09-28 11:21:40.166695+00:00,0.14184,0.14319304,0.00135304,0.9539,HIGH_VOLATILITY,GEOMETRY_REJECTED,48,20.0364,-0.1552,MFE>=3R,E_FAILED_SIGNAL,0.0,20.0364
7212,7470,XAUUSDT,2026-09-28 13:40:26.649537+00:00,4148.0,4135.29284,12.70716,0.3063,TREND_DOWN,GATE_REJECTED,48,1.4944,2.3656,MFE>=1R,E_FAILED_SIGNAL,1.4944,2.3656
7234,7493,XAUUSDT,2026-09-28 13:55:29.378084+00:00,4148.0,4135.29284,12.70716,0.3063,TREND_DOWN,GATE_REJECTED,48,1.2733,2.3656,MFE>=1R,E_FAILED_SIGNAL,1.2733,2.3656
7636,7936,LTCUSDT,2026-09-28 20:36:33.922067+00:00,68.73,68.65242,0.07758,0.1129,RANGE,GATE_REJECTED,48,10.5697,1.1601,MFE>=3R,E_FAILED_SIGNAL,10.5697,1.1601
8093,8400,MARSCOINUSDT,2026-09-29 01:52:21.647891+00:00,0.15371,0.15108722,0.00262278,1.7063,HIGH_VOLATILITY,GATE_REJECTED,37,2.7452,2.1199,MFE>=2R,E_FAILED_SIGNAL,3.2904,2.1199
8138,8445,MARSCOINUSDT,2026-09-29 02:27:26.072427+00:00,0.15371,0.15002933999999998,0.00368066,2.3945,HIGH_VOLATILITY,GATE_REJECTED,30,1.9562,1.5106,MFE>=1R,E_FAILED_SIGNAL,2.4506,1.5106
8170,8477,ETHUSDT,2026-09-29 03:27:17.813977+00:00,2665.06,2648.58222,16.47778,0.6183,TREND_DOWN,GATE_REJECTED,48,3.1218,0.6554,MFE>=3R,E_FAILED_SIGNAL,3.1218,0.6554
8403,8594,ARBUSDT,2026-09-29 05:20:23.690887+00:00,0.19713,0.19586747999999998,0.00126252,0.6405,HIGH_VOLATILITY,GATE_REJECTED,30,6.289,0.4277,MFE>=3R,E_FAILED_SIGNAL,7.4217,0.4277
8438,8629,ENAUSDT,2026-09-29 05:50:24.077488+00:00,0.25214,0.24882136000000002,0.00331864,1.3162,HIGH_VOLATILITY,GATE_REJECTED,48,1.0396,0.6569,MFE>=1R,E_FAILED_SIGNAL,1.0396,0.6569
8440,8631,UNIUSDT,2026-09-29 05:50:28.274870+00:00,8.596,8.520924,0.075076,0.8734,TREND_DOWN,GATE_REJECTED,48,9.1241,-0.9191,MFE>=3R,E_FAILED_SIGNAL,9.1241,0.0
8458,8649,SNDKUSDT,2026-09-29 06:05:30.669025+00:00,1695.23,1687.60802,7.62198,0.4496,TREND_DOWN,GATE_REJECTED,48,5.8567,-2.3629,MFE>=3R,E_FAILED_SIGNAL,5.8567,0.0
8679,8904,LTCUSDT,2026-09-29 09:53:43.409929+00:00,68.52,68.21329999999999,0.3067,0.4476,RANGE,GATE_REJECTED,48,2.4454,2.0215,MFE>=2R,E_FAILED_SIGNAL,2.4454,2.0215
8746,9060,ENAUSDT,2026-09-29 11:56:34.417760+00:00,0.25214,0.25117664,0.00096336,0.3821,RANGE,GATE_REJECTED,48,9.4253,3.9134,MFE>=3R,E_FAILED_SIGNAL,9.4253,3.9134
8894,9326,CLUSDT,2026-09-29 15:06:57.519750+00:00,91.16,90.87788,0.28212,0.3095,RANGE,GATE_REJECTED,30,2.0559,3.7927,MFE>=2R,E_FAILED_SIGNAL,2.0559,7.0892
8905,9340,DOGEUSDT,2026-09-29 15:12:02.676854+00:00,0.09481,0.09433096,0.00047904,0.5053,RANGE,GATE_REJECTED,48,0.2505,4.4255,MFE<0.5R,E_FAILED_SIGNAL,0.2505,4.4255
8980,9437,NMRUSDT,2026-09-29 16:22:17.561856+00:00,12.138,12.149652,0.011652,0.096,HIGH_VOLATILITY,GEOMETRY_REJECTED,30,98.953,-16.907,MFE>=3R,E_FAILED_SIGNAL,0.0,98.953
9060,9554,ICPUSDT,2026-09-29 18:21:21.174274+00:00,3.336,3.320346,0.015654,0.4692,HIGH_VOLATILITY,GATE_REJECTED,30,13.8623,-1.5332,MFE>=3R,E_FAILED_SIGNAL,13.8623,0.0
9062,9556,NEARUSDT,2026-09-29 18:26:02.793186+00:00,4.857,4.81036,0.04664,0.9603,HIGH_VOLATILITY,GATE_REJECTED,30,6.711,-1.0935,MFE>=3R,E_FAILED_SIGNAL,6.711,0.0
9207,9815,ENAUSDT,2026-09-29 23:16:43.071721+00:00,0.25214,0.25062774000000004,0.00151226,0.5998,RANGE,GATE_REJECTED,48,-0.4364,4.9661,MFE<0.5R,E_FAILED_SIGNAL,0.0,4.9661
9305,10005,ETHUSDT,2026-09-30 01:11:48.593218+00:00,2673.0,2661.49634,11.50366,0.4304,RANGE,GATE_REJECTED,48,0.4486,0.7519,MFE<0.5R,E_FAILED_SIGNAL,0.4486,0.7519
9309,10011,LINKUSDT,2026-09-30 01:11:55.102767+00:00,14.478,14.375192,0.102808,0.7101,HIGH_VOLATILITY,GATE_REJECTED,48,0.3404,1.566,MFE<0.5R,E_FAILED_SIGNAL,0.3404,1.566
9323,10035,ETHUSDT,2026-09-30 01:26:49.876678+00:00,2673.0,2664.2009199999998,8.79908,0.3292,RANGE,GATE_REJECTED,48,0.5864,0.9831,MFE>=0.5R,E_FAILED_SIGNAL,0.5864,0.9831
9407,10165,DOGEUSDT,2026-09-30 03:37:13.539342+00:00,0.09322,0.09283396000000001,0.00038604,0.4141,TREND_DOWN,GATE_REJECTED,30,2.2796,-0.0259,MFE>=2R,E_FAILED_SIGNAL,2.2796,1.1398
9411,10169,MSTRUSDT,2026-09-30 03:37:28.062298+00:00,153.37,152.86365999999998,0.50634,0.3301,TREND_DOWN,GATE_REJECTED,30,3.1007,-0.8887,MFE>=3R,E_FAILED_SIGNAL,3.3574,0.0
9453,10222,FARTCOINUSDT,2026-09-30 04:27:35.348454+00:00,0.17811,0.17776376,0.00034624,0.1944,RANGE,GATE_REJECTED,30,6.8738,4.7944,MFE>=3R,E_FAILED_SIGNAL,6.8738,4.7944
9564,10426,ETHUSDT,2026-09-30 07:27:39.191319+00:00,2664.35,2654.6700199999996,9.67998,0.3633,TREND_DOWN,GATE_REJECTED,30,3.6829,0.0961,MFE>=3R,E_FAILED_SIGNAL,3.6829,0.0961
9594,10463,AAVEUSDT,2026-09-30 07:52:47.457875+00:00,158.92,158.64208000000002,0.27792,0.1749,HIGH_VOLATILITY,GATE_REJECTED,48,11.4421,1.8351,MFE>=3R,E_FAILED_SIGNAL,11.4421,1.8351
9595,10464,LINKUSDT,2026-09-30 07:52:50.348077+00:00,14.317,14.240462,0.076538,0.5346,RANGE,GATE_REJECTED,45,1.6985,1.7508,MFE>=1R,E_FAILED_SIGNAL,1.6985,1.7508
9631,10521,AAVEUSDT,2026-09-30 08:27:49.717613+00:00,158.92,158.09318,0.82682,0.5203,HIGH_VOLATILITY,GATE_REJECTED,48,4.5234,-0.3266,MFE>=3R,E_FAILED_SIGNAL,4.3782,0.0
9648,10553,PONSUSDT,2026-09-30 08:53:00.526062+00:00,0.5392,0.5370238,0.0021762,0.4036,HIGH_VOLATILITY,GATE_REJECTED,30,15.9912,-1.7921,MFE>=3R,E_FAILED_SIGNAL,16.3588,0.0
9660,10569,LINKUSDT,2026-09-30 09:07:57.965242+00:00,14.317,14.185572,0.131428,0.918,RANGE,GATE_REJECTED,30,0.9891,0.1293,MFE>=0.5R,E_FAILED_SIGNAL,3.6902,0.1293
9734,10777,BTWUSDT,2026-09-30 11:28:22.651593+00:00,1.09183,1.09613334,0.00430334,0.3941,HIGH_VOLATILITY,GEOMETRY_REJECTED,30,39.0348,-4.7173,MFE>=3R,E_FAILED_SIGNAL,0.0,45.1696
9903,11187,XPLUSDT,2026-09-30 14:44:15.278770+00:00,0.09371,0.09239483999999999,0.00131516,1.4034,TREND_DOWN,GATE_REJECTED,30,2.0986,0.0456,MFE>=2R,E_FAILED_SIGNAL,2.0986,2.5092
10125,11478,AAVEUSDT,2026-09-30 19:22:39.341674+00:00,157.6,157.09518,0.50482,0.3203,RANGE,GATE_REJECTED,30,3.2883,-0.0198,MFE>=3R,E_FAILED_SIGNAL,4.9126,0.0
10155,11531,XRPUSDT,2026-09-30 20:02:31.835436+00:00,1.488,1.4804332,0.0075668,0.5085,TREND_DOWN,GATE_REJECTED,35,1.044,0.5154,MFE>=1R,E_FAILED_SIGNAL,1.044,0.5154
10161,11552,KORUUSDT,2026-09-30 20:02:53.071247+00:00,20.06,19.720480000000002,0.33952,1.6925,TREND_DOWN,GATE_REJECTED,30,1.2959,0.324,MFE>=1R,E_FAILED_SIGNAL,1.2959,0.5596
10183,11593,XRPUSDT,2026-09-30 20:27:34.592267+00:00,1.488,1.483028,0.004972,0.3341,TREND_DOWN,GATE_REJECTED,30,1.3274,0.7844,MFE>=1R,E_FAILED_SIGNAL,1.3274,0.7844
10244,11688,LTCUSDT,2026-09-30 21:58:06.903828+00:00,66.57,66.46679999999999,0.1032,0.155,TREND_DOWN,GATE_REJECTED,30,8.0426,0.4845,MFE>=3R,E_FAILED_SIGNAL,9.4961,0.4845
10272,11755,ENAUSDT,2026-09-30 22:27:49.903219+00:00,0.26072,0.25744408,0.00327592,1.2565,HIGH_VOLATILITY,GATE_REJECTED,33,2.5825,-0.696,MFE>=2R,E_FAILED_SIGNAL,2.5825,0.0
10291,11777,ENAUSDT,2026-09-30 22:42:52.947476+00:00,0.26072,0.26034826,0.00037174,0.1426,HIGH_VOLATILITY,GATE_REJECTED,30,22.7578,-6.1333,MFE>=3R,E_FAILED_SIGNAL,22.7578,0.0
10381,11999,XAUUSDT,2026-10-01 01:13:14.402209+00:00,4153.76,4137.36868,16.39132,0.3946,TREND_DOWN,GATE_REJECTED,30,1.3568,-0.2312,MFE>=1R,E_FAILED_SIGNAL,2.1414,0.0
