observation_id,source_signal_id,symbol,signal_time,variant_entry,variant_stop,variant_target,base_entry,base_stop,base_target,h1_mismatch_count,h2_mismatch_count,h1_exact,h2_exact,preferred_hypothesis,h1_sl_hit_mismatch,h1_sl_before_tp_mismatch,h1_time_to_sl_mismatch
7203,1220981,KLACUSDT,2026-10-04T23:05:35.907720Z,207.9,209.45925,206.62391913208575,207.9,208.3158,206.62391913208575,6,16,False,False,COMPLETE_PERSISTED_VARIANT,False,False,False
7764,7331094,ADAUSDT,2026-10-05T10:57:22.934473Z,0.275,0.27706250000000004,0.2658994105151104,0.275,0.27555,0.2658994105151104,4,16,False,False,COMPLETE_PERSISTED_VARIANT,False,False,False
5740,30815878,USELESSUSDT,2026-10-04T02:42:25.231573Z,0.24405,0.24588037499999998,0.23232203850045655,0.24405,0.24453809999999998,0.23232203850045655,3,8,False,False,COMPLETE_PERSISTED_VARIANT,False,False,False
7657,36914932,VIRTUALUSDT,2026-10-05T08:47:16.212720Z,0.8852,0.8918389999999999,0.8484980224222387,0.8852,0.8869703999999999,0.8484980224222387,3,8,False,False,COMPLETE_PERSISTED_VARIANT,False,False,False
4314,38198155,SPCXUSDT,2026-10-02T17:47:16.552262Z,157.94,159.12455,155.58935795013593,157.94,158.25588,155.58935795013593,3,8,False,False,COMPLETE_PERSISTED_VARIANT,False,False,False
6592,45418879,SOLUSDT,2026-10-04T15:18:57.640551Z,122.13,123.045975,120.78866276786762,122.13,122.37425999999999,120.78866276786762,0,5,True,False,COMPLETE_PERSISTED_VARIANT,False,False,False
8975,49225332,AVAXUSDT,2026-10-06T09:00:50.227753Z,11.406,11.491545,11.092139557185863,11.406,11.428812,11.092139557185863,5,11,False,False,COMPLETE_PERSISTED_VARIANT,False,False,False
4131,52046485,MSTRUSDT,2026-10-02T13:51:48.353673Z,170.22,171.49665,162.5940179103509,170.22,170.56044,162.5940179103509,4,8,False,False,COMPLETE_PERSISTED_VARIANT,False,False,False
4477,61928418,SANDUSDT,2026-10-02T23:22:55.874395Z,0.06607,0.066565525,0.05910865473613907,0.06607,0.06620214,0.05910865473613907,5,15,False,False,COMPLETE_PERSISTED_VARIANT,False,False,False
9229,67693347,AVAXUSDT,2026-10-06T14:01:46.122424Z,11.439,11.5247925,11.155045865981423,11.439,11.461878,11.155045865981423,7,16,False,False,COMPLETE_PERSISTED_VARIANT,False,False,False
8907,86582476,ORCAUSDT,2026-10-06T08:05:48.331583Z,2.515,2.5338625,2.257454225823062,2.515,2.52003,2.257454225823062,6,15,False,False,COMPLETE_PERSISTED_VARIANT,False,False,False
9235,104048125,SPCXUSDT,2026-10-06T14:06:43.063309Z,176.33,177.652475,171.53485424843325,176.33,176.68266000000003,171.53485424843325,5,9,False,False,COMPLETE_PERSISTED_VARIANT,False,False,False
4092,141739715,BTCUSDT,2026-10-02T13:41:33.522345Z,87130.0,87783.475,85946.59541168109,87130.0,87304.26,85946.59541168109,5,10,False,False,COMPLETE_PERSISTED_VARIANT,False,False,False
7675,149569174,VIRTUALUSDT,2026-10-05T08:57:19.250870Z,0.8852,0.8918389999999999,0.8502980224222387,0.8852,0.8869703999999999,0.8502980224222387,2,7,False,False,COMPLETE_PERSISTED_VARIANT,False,False,False
6438,160068300,SOLUSDT,2026-10-04T13:43:45.456571Z,121.99,122.90492499999999,120.56472134576724,121.99,122.23397999999999,120.56472134576724,2,9,False,False,COMPLETE_PERSISTED_VARIANT,False,False,False
6637,170496319,SOLUSDT,2026-10-04T15:44:00.213049Z,122.09,123.005675,120.54437705358191,122.09,122.33418,120.54437705358191,3,8,False,False,COMPLETE_PERSISTED_VARIANT,False,False,False
3965,201544343,MSTRUSDT,2026-10-02T12:38:49.376455Z,168.28,169.5421,162.76894268385257,168.28,168.61656,162.76894268385257,1,9,False,False,COMPLETE_PERSISTED_VARIANT,False,False,False
866,203084799,ICPUSDT,2026-09-30T01:27:10.308554Z,3.501,3.5272574999999997,3.3233013295457026,3.501,3.508002,3.3233013295457026,4,12,False,False,COMPLETE_PERSISTED_VARIANT,False,False,False
7773,229519079,ADAUSDT,2026-10-05T11:02:23.630295Z,0.2755,0.27756625,0.2664065954579051,0.2755,0.27605100000000005,0.2664065954579051,2,11,False,False,COMPLETE_PERSISTED_VARIANT,False,False,False
3015,232336988,MONUSDT,2026-10-01T20:19:37.059175Z,0.03505,0.035312875,0.03220271668771114,0.03505,0.0351201,0.03220271668771114,0,5,True,False,COMPLETE_PERSISTED_VARIANT,False,False,False
3275,258347743,MSTRUSDT,2026-10-02T00:45:12.598464Z,161.48,162.69109999999998,157.66544239280813,161.48,161.80295999999998,157.66544239280813,7,14,False,False,COMPLETE_PERSISTED_VARIANT,False,False,False
9080,296845377,SPCXUSDT,2026-10-06T11:40:50.627037Z,173.49,174.791175,170.9304864177078,173.49,173.83698,170.9304864177078,6,13,False,False,COMPLETE_PERSISTED_VARIANT,False,False,False
4121,322051802,BTCUSDT,2026-10-02T13:46:34.396472Z,87130.0,87783.475,85831.9954116811,87130.0,87304.26,85831.9954116811,4,9,False,False,COMPLETE_PERSISTED_VARIANT,False,False,False
726,332690896,PUMPFUNUSDT,2026-09-29T22:31:29.479052Z,0.00592,0.0059644,0.005407442858497342,0.00592,0.00593184,0.005407442858497342,2,12,False,False,COMPLETE_PERSISTED_VARIANT,False,False,False
7046,341092418,XRPUSDT,2026-10-04T21:49:58.935310Z,1.513,1.5243475,1.497023939995729,1.513,1.5160259999999999,1.497023939995729,0,11,True,False,COMPLETE_PERSISTED_VARIANT,False,False,False
6412,359895462,SOLUSDT,2026-10-04T13:03:38.316700Z,121.54,122.45155000000001,120.2561499171958,121.54,121.78308000000001,120.2561499171958,1,13,False,False,COMPLETE_PERSISTED_VARIANT,False,False,False
7424,386208500,HBARUSDT,2026-10-05T03:41:24.523094Z,0.10446,0.10524345,0.10258511723840265,0.10446,0.10466892,0.10258511723840265,4,14,False,False,COMPLETE_PERSISTED_VARIANT,False,False,False
765,392683745,SOONUSDT,2026-09-29T23:36:51.074009Z,0.4344,0.437658,0.37082045512278516,0.4344,0.4352688,0.37082045512278516,3,8,False,False,COMPLETE_PERSISTED_VARIANT,False,False,False
6870,399679040,BTCUSDT,2026-10-04T19:44:35.494472Z,85554.5,86196.15875,85001.94105357146,85554.5,85725.609,85001.94105357146,0,9,True,False,COMPLETE_PERSISTED_VARIANT,False,False,False
7787,400682355,ADAUSDT,2026-10-05T11:12:25.898207Z,0.2755,0.27756625,0.2648208811721908,0.2755,0.27605100000000005,0.2648208811721908,1,10,False,False,COMPLETE_PERSISTED_VARIANT,False,False,False
8412,405285085,ZROUSDT,2026-10-05T23:24:26.921048Z,2.1215,2.13741125,2.013159933777188,2.1215,2.1257430000000004,2.013159933777188,0,11,True,False,COMPLETE_PERSISTED_VARIANT,False,False,False
8196,412527593,NEARUSDT,2026-10-05T19:28:43.683780Z,5.2,5.239,4.984945157299417,5.2,5.2104,4.984945157299417,2,13,False,False,COMPLETE_PERSISTED_VARIANT,False,False,False
9378,413344405,SPCXUSDT,2026-10-06T16:56:03.111846Z,174.14,175.44604999999999,170.7851620248324,174.14,174.48827999999997,170.7851620248324,8,11,False,False,COMPLETE_PERSISTED_VARIANT,False,False,False
9117,415260652,SPCXUSDT,2026-10-06T12:20:56.173392Z,172.45,173.743375,170.4156555836465,172.45,172.79489999999998,170.4156555836465,4,11,False,False,COMPLETE_PERSISTED_VARIANT,False,False,False
3007,419385148,MONUSDT,2026-10-01T20:14:36.051855Z,0.03524,0.0355043,0.032274145259139714,0.03524,0.03531048,0.032274145259139714,0,5,True,False,COMPLETE_PERSISTED_VARIANT,False,False,False
3820,447224520,XRPUSDT,2026-10-02T11:29:11.333938Z,1.544,1.55558,1.5092962618168797,1.544,1.547088,1.5092962618168797,0,7,True,False,COMPLETE_PERSISTED_VARIANT,False,False,False
1194,474829792,QNTUSDT,2026-09-30T10:32:58.428462Z,298.47,300.708525,262.28644499603064,298.47,299.06694000000005,262.28644499603064,3,12,False,False,COMPLETE_PERSISTED_VARIANT,False,False,False
8955,479197829,SPCXUSDT,2026-10-06T08:40:45.477998Z,172.66,173.95495,170.6611633471755,172.66,173.00531999999998,170.6611633471755,6,18,False,False,COMPLETE_PERSISTED_VARIANT,False,False,False
6632,479478417,SOLUSDT,2026-10-04T15:38:59.258402Z,122.12,123.0359,120.5343770535819,122.12,122.36424000000001,120.5343770535819,2,7,False,False,COMPLETE_PERSISTED_VARIANT,False,False,False
9537,498206918,PONSUSDT,2026-10-06T18:41:34.411826Z,0.425,0.4281875,0.3955396198718922,0.425,0.42585,0.3955396198718922,3,8,False,False,COMPLETE_PERSISTED_VARIANT,False,False,False
5379,517597430,ZROUSDT,2026-10-03T19:31:12.227922Z,2.1462,2.1622965,1.959359990002855,2.1462,2.1504924,1.959359990002855,3,8,False,False,COMPLETE_PERSISTED_VARIANT,False,False,False
6461,518592603,STRKUSDT,2026-10-04T13:53:50.229004Z,0.05696,0.0573872,0.05219307270228882,0.05696,0.05707392,0.05219307270228882,0,8,True,False,COMPLETE_PERSISTED_VARIANT,False,False,False
7732,523207500,ADAUSDT,2026-10-05T10:17:16.747325Z,0.2753,0.27736475,0.26549941051511045,0.2753,0.2758506,0.26549941051511045,3,13,False,False,COMPLETE_PERSISTED_VARIANT,False,False,False
4027,530001843,XRPUSDT,2026-10-02T12:51:29.009514Z,1.5565,1.56817375,1.5127057118219038,1.5565,1.559613,1.5127057118219038,6,10,False,False,COMPLETE_PERSISTED_VARIANT,False,False,False
9397,542267177,SPCXUSDT,2026-10-06T17:11:06.206168Z,173.81,175.113575,171.1305074262038,173.81,174.15762,171.1305074262038,4,8,False,False,COMPLETE_PERSISTED_VARIANT,False,False,False
1501,550419300,ASTERUSDT,2026-09-30T15:42:57.150434Z,0.7787,0.7845402499999999,0.7470263739973373,0.7787,0.7802574,0.7470263739973373,2,7,False,False,COMPLETE_PERSISTED_VARIANT,False,False,False
5221,567455246,SPCXUSDT,2026-10-03T13:15:25.752973Z,159.17,160.36377499999998,158.30614625168658,159.17,159.48834,158.30614625168658,3,13,False,False,COMPLETE_PERSISTED_VARIANT,False,False,False
5899,575735960,PUMPFUNUSDT,2026-10-04T05:27:32.208970Z,0.00645,0.006498375,0.006094156055885243,0.00645,0.0064629,0.006094156055885243,3,14,False,False,COMPLETE_PERSISTED_VARIANT,False,False,False
6473,584564504,STRKUSDT,2026-10-04T13:58:50.753434Z,0.05668,0.0571051,0.05209307270228882,0.05668,0.05679336,0.05209307270228882,0,10,True,False,COMPLETE_PERSISTED_VARIANT,False,False,False
4307,590760510,SANDUSDT,2026-10-02T17:36:59.902921Z,0.0655,0.06599125,0.05661488719500442,0.0655,0.06563100000000001,0.05661488719500442,4,9,False,False,COMPLETE_PERSISTED_VARIANT,False,False,False
3272,590760637,MSTRUSDT,2026-10-02T00:40:10.431641Z,161.6,162.81199999999998,157.40544239280814,161.6,161.9232,157.40544239280814,4,12,False,False,COMPLETE_PERSISTED_VARIANT,False,False,False
6888,614029014,BTCUSDT,2026-10-04T19:59:38.597288Z,85514.8,86156.16100000001,84999.44105357146,85514.8,85685.8296,84999.44105357146,1,10,False,False,COMPLETE_PERSISTED_VARIANT,False,False,False
1513,614721171,ASTERUSDT,2026-09-30T15:58:00.036616Z,0.7774,0.7832304999999999,0.7480263739973372,0.7774,0.7789548,0.7480263739973372,2,7,False,False,COMPLETE_PERSISTED_VARIANT,False,False,False
3871,620859650,WLDUSDT,2026-10-02T11:59:25.116201Z,0.545,0.5490875000000001,0.518990145586058,0.545,0.5460900000000001,0.518990145586058,0,11,True,False,COMPLETE_PERSISTED_VARIANT,False,False,False
8378,631218840,ZROUSDT,2026-10-05T23:14:25.827202Z,2.1215,2.13741125,2.0131027909200454,2.1215,2.1257430000000004,2.0131027909200454,0,10,True,False,COMPLETE_PERSISTED_VARIANT,False,False,False
6215,633130900,SOLUSDT,2026-10-04T10:23:17.091444Z,121.62,122.53215,120.42274203121836,121.62,121.86324,120.42274203121836,1,11,False,False,COMPLETE_PERSISTED_VARIANT,False,False,False
7703,650191005,VIRTUALUSDT,2026-10-05T09:22:21.302320Z,0.8849,0.89153675,0.84729816297699,0.8849,0.8866698000000001,0.84729816297699,2,7,False,False,COMPLETE_PERSISTED_VARIANT,False,False,False
7606,698146388,ADAUSDT,2026-10-05T07:46:50.352201Z,0.2731,0.27514825,0.26343773890123595,0.2731,0.2736462,0.26343773890123595,4,14,False,False,COMPLETE_PERSISTED_VARIANT,False,False,False
9350,711445776,SPCXUSDT,2026-10-06T16:35:59.920906Z,174.18,175.48635000000002,170.86516202483241,174.18,174.52836000000002,170.86516202483241,6,10,False,False,COMPLETE_PERSISTED_VARIANT,False,False,False
6374,721718485,SOLUSDT,2026-10-04T12:28:34.373644Z,121.8,122.7135,120.38046920680836,121.8,122.0436,120.38046920680836,0,10,True,False,COMPLETE_PERSISTED_VARIANT,False,False,False
5248,735072533,SPCXUSDT,2026-10-03T13:55:33.556059Z,159.19,160.383925,158.27186053740084,159.19,159.50838,158.27186053740084,2,7,False,False,COMPLETE_PERSISTED_VARIANT,False,False,False
8971,752110022,SPCXUSDT,2026-10-06T09:00:47.917170Z,172.91,174.206825,171.02393724944946,172.91,173.25582,171.02393724944946,3,16,False,False,COMPLETE_PERSISTED_VARIANT,False,False,False
6256,753977274,SOLUSDT,2026-10-04T10:58:22.794061Z,121.43,122.340725,120.2013134597898,121.43,121.67286,120.2013134597898,1,13,False,False,COMPLETE_PERSISTED_VARIANT,False,False,False
7795,768450503,ADAUSDT,2026-10-05T11:22:27.045990Z,0.2755,0.27756625,0.26440659545790507,0.2755,0.27605100000000005,0.26440659545790507,3,12,False,False,COMPLETE_PERSISTED_VARIANT,False,False,False
7209,786108694,KLACUSDT,2026-10-04T23:10:36.025861Z,207.94,209.49955,206.75820484637143,207.94,208.35587999999998,206.75820484637143,2,15,False,False,COMPLETE_PERSISTED_VARIANT,False,False,False
5637,824494610,MONUSDT,2026-10-04T01:32:11.677091Z,0.0346,0.0348595,0.03297812409294487,0.0346,0.0346692,0.03297812409294487,5,15,False,False,COMPLETE_PERSISTED_VARIANT,False,False,False
7970,882335704,ADAUSDT,2026-10-05T13:52:54.242638Z,0.2762,0.2782715,0.2657909640739198,0.2762,0.2767524,0.2657909640739198,1,6,False,False,COMPLETE_PERSISTED_VARIANT,False,False,False
689,894172321,SOONUSDT,2026-09-29T21:41:37.216576Z,0.4219,0.42506425,0.3615178057663027,0.4219,0.4227438,0.3615178057663027,3,10,False,False,COMPLETE_PERSISTED_VARIANT,False,False,False
8359,895507268,ZROUSDT,2026-10-05T22:54:23.895057Z,2.1144,2.130258,2.0074491624394484,2.1144,2.1186287999999998,2.0074491624394484,1,12,False,False,COMPLETE_PERSISTED_VARIANT,False,False,False
7720,905713041,ADAUSDT,2026-10-05T10:12:15.859818Z,0.2743,0.27635725,0.2652422676579676,0.2743,0.2748486,0.2652422676579676,3,13,False,False,COMPLETE_PERSISTED_VARIANT,False,False,False
7946,906436872,ADAUSDT,2026-10-05T13:42:51.412750Z,0.2768,0.278876,0.2651909640739198,0.2768,0.2773536,0.2651909640739198,2,7,False,False,COMPLETE_PERSISTED_VARIANT,False,False,False
7667,911488928,ADAUSDT,2026-10-05T08:57:03.213361Z,0.273,0.2750475,0.2624401452586223,0.273,0.273546,0.2624401452586223,2,10,False,False,COMPLETE_PERSISTED_VARIANT,False,False,False
3722,923830045,XRPUSDT,2026-10-02T10:34:00.733241Z,1.5469,1.55850175,1.5170135581620272,1.5469,1.5499938,1.5170135581620272,1,14,False,False,COMPLETE_PERSISTED_VARIANT,False,False,False
5835,924166039,USELESSUSDT,2026-10-04T04:37:39.819479Z,0.24366,0.24548745,0.23322986270290658,0.24366,0.24414732,0.23322986270290658,4,9,False,False,COMPLETE_PERSISTED_VARIANT,False,False,False
9389,926060936,SPCXUSDT,2026-10-06T17:06:03.953495Z,173.88,175.1841,171.05765028334665,173.88,174.22776,171.05765028334665,3,8,False,False,COMPLETE_PERSISTED_VARIANT,False,False,False
6241,937647621,SOLUSDT,2026-10-04T10:48:21.017277Z,121.43,122.340725,120.2513134597898,121.43,121.67286,120.2513134597898,1,12,False,False,COMPLETE_PERSISTED_VARIANT,False,False,False
7689,940119127,VIRTUALUSDT,2026-10-05T09:12:18.854768Z,0.8849,0.89153675,0.8525410201198471,0.8849,0.8866698000000001,0.8525410201198471,2,7,False,False,COMPLETE_PERSISTED_VARIANT,False,False,False
9307,944029323,SPCXUSDT,2026-10-06T15:50:50.336880Z,174.45,175.758375,171.21940529097316,174.45,174.79889999999997,171.21940529097316,5,9,False,False,COMPLETE_PERSISTED_VARIANT,False,False,False
5226,946421187,SPCXUSDT,2026-10-03T13:25:25.741679Z,159.27,160.464525,158.37186053740086,159.27,159.58854000000002,158.37186053740086,5,9,False,False,COMPLETE_PERSISTED_VARIANT,False,False,False
7630,962874854,ADAUSDT,2026-10-05T08:26:56.079381Z,0.2748,0.27686099999999997,0.26355443097290804,0.2748,0.27534959999999997,0.26355443097290804,2,12,False,False,COMPLETE_PERSISTED_VARIANT,False,False,False
825,963696186,ICPUSDT,2026-09-30T00:47:06.521331Z,3.484,3.51013,3.3096322026367972,3.484,3.490968,3.3096322026367972,5,17,False,False,COMPLETE_PERSISTED_VARIANT,False,False,False
5821,969551056,USELESSUSDT,2026-10-04T04:27:39.416077Z,0.24366,0.24548745,0.23300986270290658,0.24366,0.24414732,0.23300986270290658,2,8,False,False,COMPLETE_PERSISTED_VARIANT,False,False,False
9315,971963273,SPCXUSDT,2026-10-06T16:00:52.986285Z,174.45,175.758375,171.10944773911814,174.45,174.79889999999997,171.10944773911814,4,9,False,False,COMPLETE_PERSISTED_VARIANT,False,False,False
9098,989195104,SPCXUSDT,2026-10-06T12:05:54.244740Z,172.53,173.823975,170.13136986936075,172.53,172.87506,170.13136986936075,4,14,False,False,COMPLETE_PERSISTED_VARIANT,False,False,False
6510,1007696928,SOLUSDT,2026-10-04T14:13:49.962446Z,121.88,122.7941,120.51866979079216,121.88,122.12375999999999,120.51866979079216,1,12,False,False,COMPLETE_PERSISTED_VARIANT,False,False,False
9332,1032496179,SPCXUSDT,2026-10-06T16:15:54.770200Z,174.18,175.48635000000002,171.1251620248324,174.18,174.52836000000002,171.1251620248324,6,10,False,False,COMPLETE_PERSISTED_VARIANT,False,False,False
3353,1048347965,MSTRUSDT,2026-10-02T02:20:24.337069Z,162.32,163.5374,158.5800497580902,162.32,162.64463999999998,158.5800497580902,7,16,False,False,COMPLETE_PERSISTED_VARIANT,False,False,False
5724,1055602243,USELESSUSDT,2026-10-04T02:22:22.561085Z,0.24527,0.247109525,0.23416203850045653,0.24527,0.24576054,0.23416203850045653,5,9,False,False,COMPLETE_PERSISTED_VARIANT,False,False,False
6261,1055753894,SOLUSDT,2026-10-04T11:03:23.229736Z,121.43,122.340725,120.12050535007597,121.43,121.67286,120.12050535007597,0,12,True,False,COMPLETE_PERSISTED_VARIANT,False,False,False
9214,1071175290,AVAXUSDT,2026-10-06T13:41:42.411099Z,11.45,11.535874999999999,11.14268674921188,11.45,11.4729,11.14268674921188,5,14,False,False,COMPLETE_PERSISTED_VARIANT,False,False,False
8925,1072609953,ORCAUSDT,2026-10-06T08:10:52.791137Z,2.515,2.5338625,2.2726542258230618,2.515,2.52003,2.2726542258230618,6,15,False,False,COMPLETE_PERSISTED_VARIANT,False,False,False
7285,1075168543,XRPUSDT,2026-10-05T00:35:27.650837Z,1.5198,1.5311985000000001,1.4991590356587372,1.5198,1.5228396,1.4991590356587372,7,17,False,False,COMPLETE_PERSISTED_VARIANT,False,False,False
4040,1080660051,MSTRUSDT,2026-10-02T12:56:42.413162Z,167.1,168.35325,162.73894268385257,167.1,167.4342,162.73894268385257,5,12,False,False,COMPLETE_PERSISTED_VARIANT,False,False,False
716,1087571800,PUMPFUNUSDT,2026-09-29T22:16:26.978840Z,0.00585,0.005893875,0.005372871429925914,0.00585,0.0058617,0.005372871429925914,2,12,False,False,COMPLETE_PERSISTED_VARIANT,False,False,False
5844,1096399209,PUMPFUNUSDT,2026-10-04T04:47:27.373238Z,0.006425,0.0064731875,0.006044772448974123,0.006425,0.00643785,0.006044772448974123,2,11,False,False,COMPLETE_PERSISTED_VARIANT,False,False,False
9005,1097804400,SPCXUSDT,2026-10-06T09:35:54.057663Z,173.12,174.4184,170.90393724944946,173.12,173.46624,170.90393724944946,5,13,False,False,COMPLETE_PERSISTED_VARIANT,False,False,False
854,1120827372,ICPUSDT,2026-09-30T01:17:09.102185Z,3.501,3.5272574999999997,3.3303013295457022,3.501,3.508002,3.3303013295457022,5,13,False,False,COMPLETE_PERSISTED_VARIANT,False,False,False
5830,1125833675,PUMPFUNUSDT,2026-10-04T04:37:24.899643Z,0.006425,0.0064731875,0.006052772448974123,0.006425,0.00643785,0.006052772448974123,2,11,False,False,COMPLETE_PERSISTED_VARIANT,False,False,False
5239,1127954735,SPCXUSDT,2026-10-03T13:40:30.011480Z,159.27,160.464525,158.31186053740086,159.27,159.58854000000002,158.31186053740086,2,7,False,False,COMPLETE_PERSISTED_VARIANT,False,False,False
7684,1142805713,ADAUSDT,2026-10-05T09:12:04.824875Z,0.2724,0.274443,0.26297299183195205,0.2724,0.2729448,0.26297299183195205,2,11,False,False,COMPLETE_PERSISTED_VARIANT,False,False,False
9198,1166057501,AVAXUSDT,2026-10-06T13:36:41.405749Z,11.45,11.535874999999999,11.13468674921188,11.45,11.4729,11.13468674921188,3,12,False,False,COMPLETE_PERSISTED_VARIANT,False,False,False
7643,1220550438,VIRTUALUSDT,2026-10-05T08:37:15.485152Z,0.8827,0.88932025,0.8502551652793815,0.8827,0.8844654000000001,0.8502551652793815,3,16,False,False,COMPLETE_PERSISTED_VARIANT,False,False,False
7602,1238106766,ADAUSDT,2026-10-05T07:41:47.949283Z,0.2727,0.27474525,0.2636948817583788,0.2727,0.27324539999999997,0.2636948817583788,1,12,False,False,COMPLETE_PERSISTED_VARIANT,False,False,False
2864,1242215375,MONUSDT,2026-10-01T17:59:22.264174Z,0.03487,0.035131525,0.0318837344871683,0.03487,0.03493974,0.0318837344871683,0,10,True,False,COMPLETE_PERSISTED_VARIANT,False,False,False
9546,1244416751,PONSUSDT,2026-10-06T18:46:36.285481Z,0.425,0.4281875,0.39613961987189217,0.425,0.42585,0.39613961987189217,4,8,False,False,COMPLETE_PERSISTED_VARIANT,False,False,False
4062,1245809045,MSTRUSDT,2026-10-02T13:16:47.144600Z,166.83,168.08122500000002,162.6497321960652,166.83,167.16366000000002,162.6497321960652,4,13,False,False,COMPLETE_PERSISTED_VARIANT,False,False,False
7915,1246869243,ADAUSDT,2026-10-05T13:32:50.652643Z,0.2768,0.278876,0.26649096407391976,0.2768,0.2773536,0.26649096407391976,8,11,False,False,COMPLETE_PERSISTED_VARIANT,False,False,False
6334,1247320198,SOLUSDT,2026-10-04T11:53:29.490412Z,121.47,122.381025,120.17050535007597,121.47,121.71294,120.17050535007597,1,14,False,False,COMPLETE_PERSISTED_VARIANT,False,False,False
1789,1258494648,HYPEUSDT,2026-09-30T22:47:52.462453Z,91.57,92.25677499999999,88.70099998329297,91.57,91.75313999999999,88.70099998329297,5,14,False,False,COMPLETE_PERSISTED_VARIANT,False,False,False
4066,1261538945,MSTRUSDT,2026-10-02T13:21:47.529079Z,166.83,168.08122500000002,162.30544648177948,166.83,167.16366000000002,162.30544648177948,4,13,False,False,COMPLETE_PERSISTED_VARIANT,False,False,False
9357,1282428912,SPCXUSDT,2026-10-06T16:41:01.037633Z,174.04,175.34529999999998,171.1851620248324,174.04,174.38808,171.1851620248324,5,9,False,False,COMPLETE_PERSISTED_VARIANT,False,False,False
7174,1287082093,KLACUSDT,2026-10-04T22:45:29.504560Z,207.97,209.529775,206.43729758450291,207.97,208.38594,206.43729758450291,3,12,False,False,COMPLETE_PERSISTED_VARIANT,False,False,False
9365,1297287793,SPCXUSDT,2026-10-06T16:46:02.729769Z,174.14,175.44604999999999,170.8851620248324,174.14,174.48827999999997,170.8851620248324,7,11,False,False,COMPLETE_PERSISTED_VARIANT,False,False,False
8859,1311832511,ORCAUSDT,2026-10-06T06:45:43.540649Z,2.5334,2.5524005,2.2388983870855506,2.5334,2.5384667999999997,2.2388983870855506,5,14,False,False,COMPLETE_PERSISTED_VARIANT,False,False,False
6393,1314075242,SOLUSDT,2026-10-04T12:48:36.542450Z,121.59,122.501925,120.29046920680837,121.59,121.83318,120.29046920680837,2,13,False,False,COMPLETE_PERSISTED_VARIANT,False,False,False
1536,1320421294,ASTERUSDT,2026-09-30T16:33:02.969699Z,0.7746,0.7804095,0.7429887763400161,0.7746,0.7761492,0.7429887763400161,0,5,True,False,COMPLETE_PERSISTED_VARIANT,False,False,False
8393,1321163253,ZROUSDT,2026-10-05T23:19:26.218706Z,2.1215,2.13741125,2.012017076634331,2.1215,2.1257430000000004,2.012017076634331,0,11,True,False,COMPLETE_PERSISTED_VARIANT,False,False,False
9024,1334513595,AVAXUSDT,2026-10-06T09:40:56.965957Z,11.393,11.478447500000001,11.057139557185863,11.393,11.415786,11.057139557185863,3,11,False,False,COMPLETE_PERSISTED_VARIANT,False,False,False
5906,1354485283,PUMPFUNUSDT,2026-10-04T05:32:32.798989Z,0.006468,0.00651651,0.006104584627313814,0.006468,0.006480936,0.006104584627313814,1,11,False,False,COMPLETE_PERSISTED_VARIANT,False,False,False
5982,1357903352,PUMPFUNUSDT,2026-10-04T06:57:47.534243Z,0.006546,0.006595095,0.006106093880622197,0.006546,0.006559092,0.006106093880622197,0,5,True,False,COMPLETE_PERSISTED_VARIANT,False,False,False
4052,1358699538,XRPUSDT,2026-10-02T13:11:31.757888Z,1.5468,1.558401,1.5136981590213572,1.5468,1.5498935999999999,1.5136981590213572,4,16,False,False,COMPLETE_PERSISTED_VARIANT,False,False,False
6483,1359358584,SOLUSDT,2026-10-04T14:03:47.976749Z,121.88,122.7941,120.60724121936359,121.88,122.12375999999999,120.60724121936359,0,11,True,False,COMPLETE_PERSISTED_VARIANT,False,False,False
7984,1380007334,ADAUSDT,2026-10-05T14:17:58.930906Z,0.2758,0.27786849999999996,0.266920181053923,0.2758,0.2763516,0.266920181053923,4,8,False,False,COMPLETE_PERSISTED_VARIANT,False,False,False
5123,1390497437,SPCXUSDT,2026-10-03T10:19:57.879553Z,159.1,160.29325,158.07190405082224,159.1,159.41819999999998,158.07190405082224,0,10,True,False,COMPLETE_PERSISTED_VARIANT,False,False,False
7227,1393039628,KLACUSDT,2026-10-04T23:20:39.561835Z,207.94,209.49955,206.72820484637143,207.94,208.35587999999998,206.72820484637143,2,11,False,False,COMPLETE_PERSISTED_VARIANT,False,False,False
6348,1396511861,SOLUSDT,2026-10-04T12:13:32.765065Z,121.8,122.7135,120.54046920680837,121.8,122.0436,120.54046920680837,1,11,False,False,COMPLETE_PERSISTED_VARIANT,False,False,False
8884,1411223613,ORCAUSDT,2026-10-06T07:40:46.773043Z,2.5251,2.5440382500000003,2.2795342208386895,2.5251,2.5301502,2.2795342208386895,7,14,False,False,COMPLETE_PERSISTED_VARIANT,False,False,False
7900,1414827455,ADAUSDT,2026-10-05T13:22:47.780937Z,0.2765,0.27857375,0.2669338212167769,0.2765,0.27705300000000005,0.2669338212167769,2,12,False,False,COMPLETE_PERSISTED_VARIANT,False,False,False
7032,1416593028,XRPUSDT,2026-10-04T21:44:58.912604Z,1.513,1.5243475,1.497423939995729,1.513,1.5160259999999999,1.497423939995729,0,10,True,False,COMPLETE_PERSISTED_VARIANT,False,False,False
6624,1431787155,SOLUSDT,2026-10-04T15:33:58.970841Z,122.12,123.0359,120.5343770535819,122.12,122.36424000000001,120.5343770535819,0,5,True,False,COMPLETE_PERSISTED_VARIANT,False,False,False
3687,1434359385,XRPUSDT,2026-10-02T10:08:59.784469Z,1.5438,1.5553785,1.5151564153048842,1.5438,1.5468876,1.5151564153048842,2,12,False,False,COMPLETE_PERSISTED_VARIANT,False,False,False
8894,1457776182,ORCAUSDT,2026-10-06T07:55:46.474496Z,2.525,2.5439374999999997,2.2819199351244035,2.525,2.53005,2.2819199351244035,4,13,False,False,COMPLETE_PERSISTED_VARIANT,False,False,False
6317,1461129668,SOLUSDT,2026-10-04T11:43:30.393624Z,121.47,122.381025,120.10050535007596,121.47,121.71294,120.10050535007596,1,13,False,False,COMPLETE_PERSISTED_VARIANT,False,False,False
6252,1463570730,SOLUSDT,2026-10-04T10:53:22.373336Z,121.43,122.340725,120.2713134597898,121.43,121.67286,120.2713134597898,0,11,True,False,COMPLETE_PERSISTED_VARIANT,False,False,False
5826,1471655252,USELESSUSDT,2026-10-04T04:32:39.947633Z,0.24366,0.24548745,0.23298986270290659,0.24366,0.24414732,0.23298986270290659,2,8,False,False,COMPLETE_PERSISTED_VARIANT,False,False,False
1476,1472280370,ASTERUSDT,2026-09-30T15:12:53.944532Z,0.7766,0.7824245,0.7493835168544801,0.7766,0.7781532,0.7493835168544801,1,14,False,False,COMPLETE_PERSISTED_VARIANT,False,False,False
8963,1487355669,SPCXUSDT,2026-10-06T08:55:48.035847Z,172.91,174.206825,170.79116334717548,172.91,173.25582,170.79116334717548,9,20,False,False,COMPLETE_PERSISTED_VARIANT,False,False,False
9194,1487819467,SPCXUSDT,2026-10-06T13:36:39.091270Z,174.67,175.98002499999998,171.3069861020122,174.67,175.01934,171.3069861020122,5,15,False,False,COMPLETE_PERSISTED_VARIANT,False,False,False
3841,1495916507,WLDUSDT,2026-10-02T11:44:22.472142Z,0.545,0.5490875000000001,0.5212901455860581,0.545,0.5460900000000001,0.5212901455860581,1,11,False,False,COMPLETE_PERSISTED_VARIANT,False,False,False
1209,1505442013,QNTUSDT,2026-09-30T10:53:03.364843Z,298.47,300.708525,260.7064449960306,298.47,299.06694000000005,260.7064449960306,2,12,False,False,COMPLETE_PERSISTED_VARIANT,False,False,False
4278,1510840013,SANDUSDT,2026-10-02T17:21:57.160312Z,0.0655,0.06599125,0.05732345862357585,0.0655,0.06563100000000001,0.05732345862357585,3,8,False,False,COMPLETE_PERSISTED_VARIANT,False,False,False
9239,1523066988,AVAXUSDT,2026-10-06T14:11:47.480647Z,11.439,11.5247925,11.164617294552851,11.439,11.461878,11.164617294552851,2,13,False,False,COMPLETE_PERSISTED_VARIANT,False,False,False
3859,1529676284,WLDUSDT,2026-10-02T11:54:24.649531Z,0.545,0.5490875000000001,0.519190145586058,0.545,0.5460900000000001,0.519190145586058,0,11,True,False,COMPLETE_PERSISTED_VARIANT,False,False,False
2830,1531465044,MONUSDT,2026-10-01T17:39:20.734627Z,0.03486,0.035121450000000005,0.03208516305859687,0.03486,0.034929720000000004,0.03208516305859687,5,15,False,False,COMPLETE_PERSISTED_VARIANT,False,False,False
5234,1531654094,SPCXUSDT,2026-10-03T13:35:29.345095Z,159.27,160.464525,158.32186053740085,159.27,159.58854000000002,158.32186053740085,3,7,False,False,COMPLETE_PERSISTED_VARIANT,False,False,False
2998,1536118540,MONUSDT,2026-10-01T20:09:37.709697Z,0.03524,0.0355043,0.03237843097342542,0.03524,0.03531048,0.03237843097342542,0,5,True,False,COMPLETE_PERSISTED_VARIANT,False,False,False
4033,1536253663,MSTRUSDT,2026-10-02T12:51:42.027906Z,168.28,169.5421,162.08894268385257,168.28,168.61656,162.08894268385257,8,14,False,False,COMPLETE_PERSISTED_VARIANT,False,False,False
755,1551826584,SOONUSDT,2026-09-29T23:26:49.365292Z,0.4344,0.437658,0.37132045512278516,0.4344,0.4352688,0.37132045512278516,6,10,False,False,COMPLETE_PERSISTED_VARIANT,False,False,False
9563,1564349599,PONSUSDT,2026-10-06T18:56:38.737753Z,0.4202,0.4233515,0.39643961987189213,0.4202,0.42104040000000004,0.39643961987189213,2,7,False,False,COMPLETE_PERSISTED_VARIANT,False,False,False
4055,1578223594,MSTRUSDT,2026-10-02T13:11:45.667535Z,166.83,168.08122500000002,162.6897321960652,166.83,167.16366000000002,162.6897321960652,6,13,False,False,COMPLETE_PERSISTED_VARIANT,False,False,False
7170,1582881812,KLACUSDT,2026-10-04T22:35:25.687016Z,208.03,209.590225,206.4872975845029,208.03,208.44606,206.4872975845029,5,14,False,False,COMPLETE_PERSISTED_VARIANT,False,False,False
8879,1591235531,ORCAUSDT,2026-10-06T07:25:44.830032Z,2.5693,2.58856975,2.294348506552975,2.5693,2.5744386,2.294348506552975,6,12,False,False,COMPLETE_PERSISTED_VARIANT,False,False,False
1530,1594417951,ASTERUSDT,2026-09-30T16:23:02.113189Z,0.7746,0.7804095,0.7473173477685875,0.7746,0.7761492,0.7473173477685875,4,8,False,False,COMPLETE_PERSISTED_VARIANT,False,False,False
3246,1606339295,MSTRUSDT,2026-10-02T00:20:12.093137Z,161.93,163.144475,158.07544239280816,161.93,162.25386,158.07544239280816,10,15,False,False,COMPLETE_PERSISTED_VARIANT,False,False,False
6525,1606753004,STRKUSDT,2026-10-04T14:18:52.874554Z,0.0565,0.05692375,0.05256713890098509,0.0565,0.056613000000000004,0.05256713890098509,1,12,False,False,COMPLETE_PERSISTED_VARIANT,False,False,False
7006,1612379477,XRPUSDT,2026-10-04T21:29:54.741194Z,1.5129,1.5242467499999999,1.4975382257100147,1.5129,1.5159258,1.4975382257100147,0,11,True,False,COMPLETE_PERSISTED_VARIANT,False,False,False
5647,1613931491,MONUSDT,2026-10-04T01:37:12.928611Z,0.03456,0.0348192,0.03293812409294487,0.03456,0.03462912,0.03293812409294487,2,13,False,False,COMPLETE_PERSISTED_VARIANT,False,False,False
7889,1650106028,ADAUSDT,2026-10-05T13:12:46.784096Z,0.2753,0.27736475,0.2661052497882055,0.2753,0.2758506,0.2661052497882055,1,15,False,False,COMPLETE_PERSISTED_VARIANT,False,False,False
5115,1650714246,SPCXUSDT,2026-10-03T10:14:56.468359Z,159.1,160.29325,158.09190405082222,159.1,159.41819999999998,158.09190405082222,0,9,True,False,COMPLETE_PERSISTED_VARIANT,False,False,False
11024,1678989738,AVAXUSDT,2026-10-07T00:12:26.921025Z,11.645,11.7323375,11.370299371810919,11.645,11.668289999999999,11.370299371810919,3,11,False,False,COMPLETE_PERSISTED_VARIANT,False,False,False
1533,1681174902,ASTERUSDT,2026-09-30T16:28:04.264537Z,0.7746,0.7804095,0.7463887763400162,0.7746,0.7761492,0.7463887763400162,1,6,False,False,COMPLETE_PERSISTED_VARIANT,False,False,False
799,1681199643,SOONUSDT,2026-09-30T00:11:55.528112Z,0.4197,0.42284775,0.3718475656083699,0.4197,0.4205394,0.3718475656083699,1,12,False,False,COMPLETE_PERSISTED_VARIANT,False,False,False
3804,1706734405,XRPUSDT,2026-10-02T11:19:08.295771Z,1.544,1.55558,1.5132105475311652,1.544,1.547088,1.5132105475311652,1,8,False,False,COMPLETE_PERSISTED_VARIANT,False,False,False
1168,1711470164,SOONUSDT,2026-09-30T09:58:03.519331Z,0.4588,0.462241,0.3985748021382991,0.4588,0.4597176,0.3985748021382991,1,10,False,False,COMPLETE_PERSISTED_VARIANT,False,False,False
5094,1711879082,SPCXUSDT,2026-10-03T10:04:54.904845Z,159.06,160.25295,158.04761833653652,159.06,159.37812,158.04761833653652,0,10,True,False,COMPLETE_PERSISTED_VARIANT,False,False,False
1486,1712190355,ASTERUSDT,2026-09-30T15:27:55.540391Z,0.7766,0.7824245,0.7433263739973373,0.7766,0.7781532,0.7433263739973373,4,16,False,False,COMPLETE_PERSISTED_VARIANT,False,False,False
5997,1740108876,PUMPFUNUSDT,2026-10-04T07:07:46.812724Z,0.006488,0.00653666,0.006120127985724188,0.006488,0.0065009759999999995,0.006120127985724188,2,7,False,False,COMPLETE_PERSISTED_VARIANT,False,False,False
4325,1741161815,SPCXUSDT,2026-10-02T17:57:18.884515Z,158.76,159.95069999999998,155.9907865215645,158.76,159.07752,155.9907865215645,2,13,False,False,COMPLETE_PERSISTED_VARIANT,False,False,False
2025,1745225334,SNDKUSDT,2026-10-01T03:28:41.730379Z,1759.97,1773.169775,1730.6235182177759,1759.97,1763.48994,1730.6235182177759,0,10,True,False,COMPLETE_PERSISTED_VARIANT,False,False,False
8967,1763638356,AVAXUSDT,2026-10-06T08:55:49.845684Z,11.406,11.491545,11.091073368898508,11.406,11.428812,11.091073368898508,7,12,False,False,COMPLETE_PERSISTED_VARIANT,False,False,False
1808,1777920539,HYPEUSDT,2026-09-30T23:07:53.951521Z,91.71,92.397825,88.64450005433984,91.71,91.89341999999999,88.64450005433984,0,5,True,False,COMPLETE_PERSISTED_VARIANT,False,False,False
2853,1797345501,MONUSDT,2026-10-01T17:54:22.908926Z,0.03487,0.035131525,0.0322837344871683,0.03487,0.03493974,0.0322837344871683,0,9,True,False,COMPLETE_PERSISTED_VARIANT,False,False,False
5735,1803343638,USELESSUSDT,2026-10-04T02:37:22.135363Z,0.24439,0.246222925,0.23235203850045652,0.24439,0.24487878,0.23235203850045652,5,9,False,False,COMPLETE_PERSISTED_VARIANT,False,False,False
768,1815619796,SOONUSDT,2026-09-29T23:41:51.165651Z,0.4344,0.437658,0.37182045512278517,0.4344,0.4352688,0.37182045512278517,4,8,False,False,COMPLETE_PERSISTED_VARIANT,False,False,False
760,1831451106,SOONUSDT,2026-09-29T23:31:50.635935Z,0.4344,0.437658,0.36982045512278516,0.4344,0.4352688,0.36982045512278516,4,9,False,False,COMPLETE_PERSISTED_VARIANT,False,False,False
4146,1846189978,MSTRUSDT,2026-10-02T14:06:53.785792Z,169.59,170.861925,162.25801655699087,169.59,169.92918,162.25801655699087,1,6,False,False,COMPLETE_PERSISTED_VARIANT,False,False,False
9062,1846926908,SPCXUSDT,2026-10-06T11:06:09.847742Z,173.48,174.78109999999998,171.13905784627926,173.48,173.82695999999999,171.13905784627926,3,13,False,False,COMPLETE_PERSISTED_VARIANT,False,False,False
6384,1847750403,SOLUSDT,2026-10-04T12:38:36.531165Z,121.6,122.512,120.39046920680836,121.6,121.8432,120.39046920680836,2,13,False,False,COMPLETE_PERSISTED_VARIANT,False,False,False
3662,1851648584,XRPUSDT,2026-10-02T09:43:54.883825Z,1.5395,1.5510462500000002,1.510342074068341,1.5395,1.5425790000000001,1.510342074068341,1,12,False,False,COMPLETE_PERSISTED_VARIANT,False,False,False
7180,1914654570,KLACUSDT,2026-10-04T22:50:30.575004Z,207.97,209.529775,206.39729758450292,207.97,208.38594,206.39729758450292,7,16,False,False,COMPLETE_PERSISTED_VARIANT,False,False,False
5607,1921857311,MONUSDT,2026-10-04T01:02:07.804013Z,0.03445,0.034708375,0.03293383837865916,0.03445,0.0345189,0.03293383837865916,3,14,False,False,COMPLETE_PERSISTED_VARIANT,False,False,False
889,1923323646,ICPUSDT,2026-09-30T02:07:12.482978Z,3.505,3.5312875,3.326014498047218,3.505,3.51201,3.326014498047218,5,9,False,False,COMPLETE_PERSISTED_VARIANT,False,False,False
8863,1939832770,ORCAUSDT,2026-10-06T06:50:42.379953Z,2.5334,2.5524005,2.2682983870855504,2.5334,2.5384667999999997,2.2682983870855504,5,15,False,False,COMPLETE_PERSISTED_VARIANT,False,False,False
9320,1940755761,SPCXUSDT,2026-10-06T16:05:53.431440Z,174.36,175.66770000000002,171.25087631054672,174.36,174.70872000000003,171.25087631054672,4,9,False,False,COMPLETE_PERSISTED_VARIANT,False,False,False
1472,1953949638,ASTERUSDT,2026-09-30T15:07:53.568085Z,0.775,0.7808125,0.7493120882830515,0.775,0.7765500000000001,0.7493120882830515,1,15,False,False,COMPLETE_PERSISTED_VARIANT,False,False,False
3654,1963049761,XRPUSDT,2026-10-02T09:38:54.116966Z,1.5404,1.551953,1.5110420740683412,1.5404,1.5434808,1.5110420740683412,1,12,False,False,COMPLETE_PERSISTED_VARIANT,False,False,False
6987,1968172570,XRPUSDT,2026-10-04T21:24:53.142184Z,1.5129,1.5242467499999999,1.4974382257100147,1.5129,1.5159258,1.4974382257100147,0,11,True,False,COMPLETE_PERSISTED_VARIANT,False,False,False
7191,1974369294,KLACUSDT,2026-10-04T22:55:31.789067Z,207.74,209.29805000000002,206.3772975845029,207.74,208.15548,206.3772975845029,7,16,False,False,COMPLETE_PERSISTED_VARIANT,False,False,False
6542,2001060710,SOLUSDT,2026-10-04T14:38:53.546350Z,121.7,122.61275,120.32438407650645,121.7,121.9434,120.32438407650645,2,14,False,False,COMPLETE_PERSISTED_VARIANT,False,False,False
2020,2005942101,SNDKUSDT,2026-10-01T03:23:43.833301Z,1759.97,1773.169775,1731.513518217776,1759.97,1763.48994,1731.513518217776,1,11,False,False,COMPLETE_PERSISTED_VARIANT,False,False,False
4043,2022746378,XRPUSDT,2026-10-02T13:06:30.362936Z,1.5468,1.558401,1.5155981590213572,1.5468,1.5498935999999999,1.5155981590213572,3,16,False,False,COMPLETE_PERSISTED_VARIANT,False,False,False
859,2024893440,ICPUSDT,2026-09-30T01:22:10.392871Z,3.501,3.5272574999999997,3.3193013295457026,3.501,3.508002,3.3193013295457026,4,12,False,False,COMPLETE_PERSISTED_VARIANT,False,False,False
6880,2057927105,BTCUSDT,2026-10-04T19:54:37.852277Z,85554.5,86196.15875,85003.84105357146,85554.5,85725.609,85003.84105357146,0,9,True,False,COMPLETE_PERSISTED_VARIANT,False,False,False
7069,2084027533,XRPUSDT,2026-10-04T22:00:02.125606Z,1.5126,1.5239445,1.495223939995729,1.5126,1.5156252,1.495223939995729,6,12,False,False,COMPLETE_PERSISTED_VARIANT,False,False,False
7699,2090633940,VIRTUALUSDT,2026-10-05T09:17:21.968281Z,0.8849,0.89153675,0.8477267344055615,0.8849,0.8866698000000001,0.8477267344055615,2,7,False,False,COMPLETE_PERSISTED_VARIANT,False,False,False
8874,2095863864,ORCAUSDT,2026-10-06T07:20:44.656127Z,2.5693,2.58856975,2.2860199351244033,2.5693,2.5744386,2.2860199351244033,4,11,False,False,COMPLETE_PERSISTED_VARIANT,False,False,False
6912,2099696986,BTCUSDT,2026-10-04T20:29:43.395499Z,85456.0,86096.92,85057.2095652465,85456.0,85626.912,85057.2095652465,1,12,False,False,COMPLETE_PERSISTED_VARIANT,False,False,False
6401,2102304436,SOLUSDT,2026-10-04T12:53:36.636210Z,121.59,122.501925,120.23046920680837,121.59,121.83318,120.23046920680837,0,11,True,False,COMPLETE_PERSISTED_VARIANT,False,False,False
8899,2104649308,ORCAUSDT,2026-10-06T08:00:48.710514Z,2.5121,2.53094075,2.29782565439449,2.5121,2.5171242,2.29782565439449,4,13,False,False,COMPLETE_PERSISTED_VARIANT,False,False,False
5369,2105365249,ZROUSDT,2026-10-03T19:21:10.356728Z,2.1462,2.1622965,1.966459990002855,2.1462,2.1504924,1.966459990002855,5,9,False,False,COMPLETE_PERSISTED_VARIANT,False,False,False
3751,2106918343,XRPUSDT,2026-10-02T10:59:04.800786Z,1.5509,1.56253175,1.5126421295905985,1.5509,1.5540018,1.5126421295905985,1,12,False,False,COMPLETE_PERSISTED_VARIANT,False,False,False
6496,2129935053,SOLUSDT,2026-10-04T14:08:50.293329Z,121.88,122.7941,120.59866979079216,121.88,122.12375999999999,120.59866979079216,0,11,True,False,COMPLETE_PERSISTED_VARIANT,False,False,False
6469,2133302898,SOLUSDT,2026-10-04T13:58:47.545929Z,121.99,122.90492499999999,120.54472134576723,121.99,122.23397999999999,120.54472134576723,0,7,True,False,COMPLETE_PERSISTED_VARIANT,False,False,False
