SOLUSDT	2026-10-04 10:23:17.091444+00	3	6	12	24	48
SOLUSDT	2026-10-04 13:43:45.456571+00	3	6	12	24	48
QNTUSDT	2026-09-30 10:32:58.428462+00	3	6	12	24	48
NEARUSDT	2026-10-04 11:23:28.562181+00	0	0	0	0	0
SPCXUSDT	2026-10-03 13:25:25.741679+00	3	6	12	24	48
MONUSDT	2026-10-04 01:02:07.804013+00	3	6	12	24	48
SPCXUSDT	2026-10-06 16:46:02.729769+00	3	6	12	24	48
VIRTUALUSDT	2026-10-05 08:57:19.25087+00	3	6	12	24	48
STRKUSDT	2026-10-04 06:37:45.759+00	0	0	0	0	0
ZROUSDT	2026-10-05 22:54:23.895057+00	3	6	12	24	48
SOONUSDT	2026-09-30 14:33:40.122283+00	0	0	0	0	0
SPCXUSDT	2026-10-06 17:11:06.206168+00	3	6	12	24	48
ZROUSDT	2026-10-02 05:15:43.300408+00	0	0	0	0	0
SOLUSDT	2026-10-04 14:03:47.976749+00	3	6	12	24	48
ZROUSDT	2026-10-02 05:55:47.774873+00	0	0	0	0	0
VIRTUALUSDT	2026-10-05 09:12:18.854768+00	3	6	12	24	48
HYPEUSDT	2026-10-04 21:34:58.709409+00	0	0	0	0	0
GRASSUSDT	2026-09-29 15:02:08.131929+00	0	0	0	0	0
STRKUSDT	2026-10-04 06:12:42.323885+00	0	0	0	0	0
BTCUSDT	2026-10-04 19:44:35.494472+00	3	6	12	24	48
DOGEUSDT	2026-10-04 23:35:23.773007+00	0	0	0	0	10
ASTERUSDT	2026-09-30 14:59:22.493044+00	1	4	10	22	46
STRKUSDT	2026-10-04 06:22:42.92459+00	0	0	0	0	0
MSTRUSDT	2026-10-02 12:38:49.376455+00	3	6	12	24	48
ICPUSDT	2026-09-30 01:27:10.308554+00	3	6	12	24	48
BNBUSDT	2026-10-04 23:25:30.946757+00	0	0	0	0	0
USELESSUSDT	2026-10-04 02:12:18.966007+00	2	5	11	23	47
SPCXUSDT	2026-10-03 10:04:54.904845+00	3	6	12	24	48
STRKUSDT	2026-10-04 04:22:23.938371+00	0	0	0	0	0
STRKUSDT	2026-10-04 16:09:07.160333+00	3	6	12	24	29
SPCXUSDT	2026-10-06 09:35:54.057663+00	3	6	12	24	48
STRKUSDT	2026-10-04 04:57:30.706508+00	0	0	0	0	0
SOLUSDT	2026-10-04 13:03:38.3167+00	3	6	12	24	48
STRKUSDT	2026-10-04 16:29:09.720652+00	3	6	12	24	25
SPCXUSDT	2026-10-02 17:12:11.036094+00	0	0	6	18	42
RLCUSDT	2026-10-06 00:39:28.782324+00	0	0	0	0	0
KLACUSDT	2026-10-04 23:20:39.561835+00	3	6	12	24	48
KLACUSDT	2026-10-04 21:35:13.582492+00	0	0	0	11	35
AVAXUSDT	2026-10-06 23:57:24.420067+00	1	4	10	22	46
NILUSDT	2026-10-05 06:51:56.670215+00	0	0	0	0	0
AKTUSDT	2026-10-05 03:46:24.847029+00	0	0	0	0	0
RLCUSDT	2026-10-06 00:14:24.561675+00	0	0	0	0	0
ASTERUSDT	2026-09-30 16:28:04.264537+00	3	6	12	24	48
KLACUSDT	2026-10-04 21:55:18.202715+00	0	0	3	15	39
XAGUSDT	2026-10-05 11:37:37.348252+00	2	5	11	23	47
CRVUSDT	2026-09-29 15:52:14.82625+00	0	0	0	0	0
SPCXUSDT	2026-10-06 05:45:18.534064+00	0	0	0	0	13
ORCAUSDT	2026-10-06 23:32:16.64624+00	0	0	0	0	0
SPCXUSDT	2026-10-06 09:00:47.91717+00	3	6	12	24	48
ORCAUSDT	2026-10-06 07:25:44.830032+00	3	6	12	24	48
ORCAUSDT	2026-10-06 06:50:42.379953+00	3	6	12	24	48
ORCAUSDT	2026-10-06 10:51:14.166935+00	3	6	12	23	23
SOONUSDT	2026-09-29 23:36:51.074009+00	3	6	12	24	48
ORCAUSDT	2026-10-06 07:40:46.773043+00	3	6	12	24	48
KLACUSDT	2026-10-04 22:55:31.789067+00	3	6	12	24	48
ICPUSDT	2026-09-30 00:47:06.521331+00	3	6	12	24	48
ORCAUSDT	2026-10-06 12:31:02.320721+00	3	3	3	3	3
STRKUSDT	2026-10-04 06:17:41.699002+00	0	0	0	0	0
STRKUSDT	2026-10-04 01:57:04.526693+00	0	0	0	0	0
ADAUSDT	2026-10-05 11:22:27.04599+00	3	6	12	24	48
ORCAUSDT	2026-10-06 07:20:44.656127+00	3	6	12	24	48
BTCUSDT	2026-10-02 13:11:30.739199+00	0	1	7	19	43
AVAXUSDT	2026-10-06 13:41:42.411099+00	3	6	12	24	48
HYPEUSDT	2026-10-04 21:45:02.39905+00	0	0	0	0	0
WLDUSDT	2026-10-02 11:44:22.472142+00	3	6	12	24	48
FARTCOINUSDT	2026-10-05 09:12:23.365188+00	0	0	0	0	0
SPCXUSDT	2026-10-02 17:27:12.998661+00	0	3	9	21	45
ADAUSDT	2026-10-05 08:26:56.079381+00	3	6	12	24	48
KLACUSDT	2026-10-04 22:35:25.687016+00	2	5	11	23	47
1000PEPEUSDT	2026-10-05 06:51:49.618976+00	0	0	0	0	0
MONUSDT	2026-10-01 17:59:22.264174+00	3	6	12	24	48
SOLUSDT	2026-10-04 14:08:50.293329+00	3	6	12	24	48
PUMPFUNUSDT	2026-09-30 00:11:43.00136+00	3	6	12	24	35
ICPUSDT	2026-09-30 00:37:05.687679+00	2	5	11	23	47
HYPEUSDT	2026-10-02 11:29:13.538635+00	0	0	0	0	0
XRPUSDT	2026-10-05 02:30:51.018+00	3	6	12	24	31
KORUUSDT	2026-10-02 15:22:13.329655+00	0	0	0	0	0
MAGMAUSDT	2026-10-02 22:08:00.906143+00	0	0	0	0	0
ZROUSDT	2026-10-02 14:06:56.392334+00	0	0	0	0	0
BNBUSDT	2026-10-04 21:30:05.371004+00	0	0	0	0	0
SPCXUSDT	2026-09-30 00:17:01.960994+00	0	0	0	0	0
MSTRUSDT	2026-10-06 15:20:58.956582+00	0	0	0	0	0
SPCXUSDT	2026-10-03 10:14:56.468359+00	3	6	12	24	48
ASTERUSDT	2026-09-30 15:27:55.540391+00	3	6	12	24	48
MAGMAUSDT	2026-10-03 02:43:43.233398+00	0	0	0	0	0
AKTUSDT	2026-10-05 03:56:28.604101+00	0	0	0	0	0
ORCAUSDT	2026-10-06 10:56:14.110739+00	3	6	12	22	22
1000PEPEUSDT	2026-10-05 06:26:44.746844+00	0	0	0	0	0
SPCXUSDT	2026-10-03 09:44:49.853851+00	0	2	8	20	44
GRASSUSDT	2026-09-29 14:52:07.910273+00	0	0	0	0	0
DOGEUSDT	2026-10-04 23:50:26.963386+00	0	0	0	0	13
SPCXUSDT	2026-10-02 17:07:09.375428+00	0	0	5	17	41
MOVRUSDT	2026-09-30 22:22:53.536971+00	0	0	0	0	0
BNBUSDT	2026-10-04 23:05:25.389682+00	0	0	0	0	0
MOVRUSDT	2026-10-01 00:48:12.676893+00	0	0	0	0	0
SPCXUSDT	2026-10-03 09:49:51.965458+00	0	3	9	21	45
HYPEUSDT	2026-10-04 21:24:57.867957+00	0	0	0	0	0
HYPEUSDT	2026-10-04 21:55:03.302069+00	0	0	0	0	0
XRPUSDT	2026-10-04 20:04:40.982843+00	0	0	1	13	37
PONSUSDT	2026-10-06 18:11:30.284598+00	0	0	6	18	42
XRPUSDT	2026-10-04 15:29:01.568749+00	0	0	0	0	0
ZROUSDT	2026-10-02 13:36:50.469178+00	0	0	0	0	0
RLCUSDT	2026-10-06 00:49:31.41928+00	0	0	0	0	0
SANDUSDT	2026-10-02 14:56:54.90295+00	0	0	0	0	19
BTCUSDT	2026-10-02 13:41:33.522345+00	3	6	12	24	48
BNBUSDT	2026-10-04 09:03:11.150474+00	0	0	0	0	0
BNBUSDT	2026-10-04 22:55:23.063029+00	0	0	0	0	0
XAGUSDT	2026-10-05 10:52:32.455549+00	0	0	2	14	38
SPCXUSDT	2026-10-06 16:41:01.037633+00	3	6	12	24	48
MONUSDT	2026-10-01 20:09:37.709697+00	3	6	12	24	48
AKTUSDT	2026-10-05 03:51:26.681443+00	0	0	0	0	0
SOLUSDT	2026-10-04 11:03:23.229736+00	3	6	12	24	48
BTCUSDT	2026-10-04 17:09:12.292412+00	0	0	0	7	31
PUMPFUNUSDT	2026-09-29 22:31:29.479052+00	3	6	12	24	48
USELESSUSDT	2026-10-04 04:37:39.819479+00	3	6	12	24	48
SOLUSDT	2026-10-04 10:48:21.017277+00	3	6	12	24	48
SOLUSDT	2026-10-04 09:33:08.284324+00	0	0	2	14	38
MONUSDT	2026-10-01 20:14:36.051855+00	3	6	12	24	48
MSTRUSDT	2026-10-02 13:11:45.667535+00	3	6	12	24	48
AEROUSDT	2026-10-04 14:24:11.870949+00	0	1	7	19	43
KLACUSDT	2026-10-04 22:15:23.360697+00	0	1	7	19	43
HYPEUSDT	2026-10-04 21:19:54.466084+00	0	0	0	0	0
ADAUSDT	2026-10-05 13:42:51.41275+00	3	6	12	24	48
SPCXUSDT	2026-10-06 08:40:45.477998+00	3	6	12	24	48
NEARUSDT	2026-10-01 06:27:57.94214+00	0	0	0	0	0
NILUSDT	2026-10-05 17:08:39.633914+00	0	0	0	2	26
STRKUSDT	2026-10-04 05:17:32.82959+00	0	0	0	0	0
MOVRUSDT	2026-09-30 22:17:54.682225+00	0	0	0	0	0
MAGMAUSDT	2026-10-02 22:03:01.066404+00	0	0	0	0	0
KLACUSDT	2026-10-04 21:50:17.957806+00	0	0	2	14	38
DOGEUSDT	2026-10-04 23:20:23.150675+00	0	0	0	0	7
MONUSDT	2026-10-04 01:32:11.677091+00	3	6	12	24	48
RLCUSDT	2026-10-06 12:30:51.337533+00	0	0	0	0	0
SOLUSDT	2026-10-04 14:13:49.962446+00	3	6	12	24	48
STRKUSDT	2026-10-04 14:18:52.874554+00	3	6	12	24	48
SANDUSDT	2026-10-02 17:16:56.887827+00	2	5	11	23	47
SOLUSDT	2026-10-04 15:18:57.640551+00	3	6	12	24	48
ICPUSDT	2026-09-30 02:07:12.482978+00	3	6	12	24	48
PONSUSDT	2026-10-06 18:56:38.737753+00	3	6	12	24	48
ORCAUSDT	2026-10-06 10:31:08.569846+00	3	6	12	24	27
USELESSUSDT	2026-10-04 02:22:22.561085+00	3	6	12	24	48
SPCXUSDT	2026-10-03 09:29:46.84488+00	0	0	5	17	41
SOONUSDT	2026-09-29 23:26:49.365292+00	3	6	12	24	48
CRVUSDT	2026-09-29 13:52:01.599687+00	0	0	0	0	0
SOLUSDT	2026-10-04 10:53:22.373336+00	3	6	12	24	48
NEARUSDT	2026-10-04 17:09:14.210429+00	0	0	0	0	0
MAGMAUSDT	2026-10-03 02:38:42.998408+00	0	0	0	0	0
MSTRUSDT	2026-10-02 13:21:47.529079+00	3	6	12	24	48
DOGEUSDT	2026-10-05 01:00:38.352967+00	0	0	0	3	27
RLCUSDT	2026-10-06 00:34:29.166532+00	0	0	0	0	0
CRVUSDT	2026-09-29 12:31:53.861343+00	0	0	0	0	0
ZROUSDT	2026-10-05 23:24:26.921048+00	3	6	12	24	48
LITUSDT	2026-10-05 13:13:03.621752+00	0	0	0	0	0
BNBUSDT	2026-10-04 23:15:28.39267+00	0	0	0	0	0
SOONUSDT	2026-09-30 14:23:38.862108+00	0	0	0	0	0
MSTRUSDT	2026-10-02 00:40:10.431641+00	3	6	12	24	48
XAUTUSDT	2026-10-02 12:51:43.329216+00	0	0	0	0	0
XRPUSDT	2026-10-05 00:35:27.650837+00	3	6	12	24	48
STRKUSDT	2026-10-04 04:47:27.573008+00	0	0	0	0	0
ADAUSDT	2026-10-05 07:41:47.949283+00	3	6	12	24	48
ADAUSDT	2026-10-05 13:32:50.652643+00	3	6	12	24	48
BNBUSDT	2026-10-04 10:18:22.222634+00	0	0	0	0	0
WLDUSDT	2026-10-02 11:59:25.116201+00	3	6	12	24	48
XRPUSDT	2026-10-02 13:11:31.757888+00	3	6	12	24	48
CRVUSDT	2026-09-29 13:41:59.726266+00	0	0	0	0	0
FARTCOINUSDT	2026-10-05 01:05:52.191055+00	0	0	0	0	0
XRPUSDT	2026-10-02 11:19:08.295771+00	3	6	12	24	48
ZROUSDT	2026-10-05 22:34:21.382888+00	0	2	8	20	44
ASTERUSDT	2026-09-30 16:23:02.113189+00	3	6	12	24	48
PUMPFUNUSDT	2026-10-04 07:07:46.812724+00	3	6	12	24	48
AVAXUSDT	2026-10-07 00:12:26.921025+00	3	6	12	24	48
ASTERUSDT	2026-09-30 15:58:00.036616+00	3	6	12	24	48
XAUUSDT	2026-10-02 12:51:33.917031+00	0	0	0	0	0
ADAUSDT	2026-10-05 13:12:46.784096+00	3	6	12	24	48
SPCXUSDT	2026-10-06 13:36:39.09127+00	3	6	12	24	48
BTCUSDT	2026-10-04 19:54:37.852277+00	3	6	12	24	48
HYPEUSDT	2026-10-02 11:59:19.308051+00	0	0	0	0	0
SPCXUSDT	2026-10-06 16:35:59.920906+00	3	6	12	24	48
ZROUSDT	2026-10-03 19:31:12.227922+00	3	6	12	24	48
XRPUSDT	2026-10-04 19:24:36.725085+00	0	0	0	5	29
MAGMAUSDT	2026-10-03 02:53:44.483349+00	0	0	0	0	0
STRKUSDT	2026-10-04 05:07:30.471678+00	0	0	0	0	0
SPCXUSDT	2026-10-06 17:06:03.953495+00	3	6	12	24	48
SOONUSDT	2026-09-29 23:31:50.635935+00	3	6	12	24	48
SPCXUSDT	2026-10-06 08:20:42.186299+00	0	2	8	20	44
KLACUSDT	2026-10-04 21:05:08.600572+00	0	0	0	5	29
SPCXUSDT	2026-10-03 13:35:29.345095+00	3	6	12	24	48
DOGEUSDT	2026-10-04 23:30:23.97305+00	0	0	0	0	9
AKTUSDT	2026-10-05 04:01:28.879489+00	0	0	0	0	0
ASTERUSDT	2026-09-30 16:33:02.969699+00	3	6	12	24	48
HBARUSDT	2026-10-05 02:31:12.58619+00	0	0	0	11	35
FARTCOINUSDT	2026-10-05 03:41:21.61963+00	0	0	0	0	0
KLACUSDT	2026-10-04 22:50:30.575004+00	3	6	12	24	48
CLUSDT	2026-10-04 18:34:46.503879+00	0	0	0	0	0
PUMPFUNUSDT	2026-10-04 04:37:24.899643+00	3	6	12	24	48
SOLUSDT	2026-10-04 10:13:14.173086+00	1	4	10	22	46
SANDUSDT	2026-10-07 08:03:59.550453+00	0	0	0	0	0
NMRUSDT	2026-10-07 02:47:52.835699+00	0	0	0	11	35
ORCAUSDT	2026-10-06 08:10:52.791137+00	3	6	12	24	48
SPCXUSDT	2026-10-06 08:55:48.035847+00	3	6	12	24	48
ORCAUSDT	2026-10-06 12:20:59.88671+00	3	6	6	6	6
USUSDT	2026-09-30 21:48:06.224189+00	0	0	0	0	0
BTCUSDT	2026-10-04 19:59:38.597288+00	3	6	12	24	48
USELESSUSDT	2026-10-04 04:32:39.947633+00	3	6	12	24	48
AVAXUSDT	2026-10-06 14:11:47.480647+00	3	6	12	24	48
HYPEUSDT	2026-09-30 22:47:52.462453+00	3	6	12	24	48
ASTERUSDT	2026-09-30 15:07:53.568085+00	3	6	12	24	48
AVAXUSDT	2026-10-06 14:01:46.122424+00	3	6	12	24	48
WLDUSDT	2026-10-02 11:54:24.649531+00	3	6	12	24	48
MSTRUSDT	2026-10-02 14:06:53.785792+00	3	6	12	24	48
USELESSUSDT	2026-10-04 02:42:25.231573+00	3	6	12	24	48
MONUSDT	2026-10-01 17:39:20.734627+00	3	6	12	24	48
STRKUSDT	2026-10-04 16:24:09.369064+00	3	6	12	24	26
ORCAUSDT	2026-10-06 12:26:01.263004+00	3	4	4	4	4
KLACUSDT	2026-10-04 22:25:24.402919+00	0	3	9	21	45
SPCXUSDT	2026-10-06 16:00:52.986285+00	3	6	12	24	48
XRPUSDT	2026-10-02 11:29:11.333938+00	3	6	12	24	48
MSTRUSDT	2026-10-02 02:20:24.337069+00	3	6	12	24	48
ATHUSDT	2026-10-03 18:41:23.849151+00	0	0	0	0	0
XRPUSDT	2026-10-02 09:43:54.883825+00	3	6	12	24	48
CRVUSDT	2026-09-29 13:47:00.051328+00	0	0	0	0	0
ADAUSDT	2026-10-05 13:52:54.242638+00	3	6	12	24	48
PUMPFUNUSDT	2026-10-04 05:32:32.798989+00	3	6	12	24	48
QNTUSDT	2026-09-30 10:53:03.364843+00	3	6	12	24	48
SOONUSDT	2026-09-30 01:32:04.36922+00	3	6	12	24	37
NMRUSDT	2026-10-07 04:13:06.210294+00	3	6	12	24	34
SANDUSDT	2026-10-02 14:36:52.333661+00	0	0	0	0	15
XAUUSDT	2026-10-05 00:45:44.513074+00	0	0	0	0	0
SOLUSDT	2026-10-02 13:46:33.193608+00	0	0	0	0	0
SANDUSDT	2026-10-02 16:21:50.060183+00	0	0	0	12	36
ORCAUSDT	2026-10-06 07:55:46.474496+00	3	6	12	24	48
MONUSDT	2026-10-04 01:37:12.928611+00	3	6	12	24	48
XAUUSDT	2026-10-05 01:40:56.40021+00	0	0	0	0	0
SANDUSDT	2026-10-07 07:53:59.134731+00	0	0	0	0	0
NEARUSDT	2026-10-04 11:18:27.699851+00	0	0	0	0	0
SPCXUSDT	2026-10-06 16:05:53.43144+00	3	6	12	24	48
XRPUSDT	2026-10-04 15:23:59.670227+00	0	0	0	0	0
KLACUSDT	2026-10-04 21:15:10.456894+00	0	0	0	7	31
AEROUSDT	2026-10-04 14:14:12.18691+00	0	0	5	17	41
STRKUSDT	2026-10-04 01:52:02.803956+00	0	0	0	0	0
CRVUSDT	2026-09-29 14:37:07.039899+00	0	0	0	0	0
SANDUSDT	2026-10-02 14:41:51.40161+00	0	0	0	0	16
KLACUSDT	2026-10-04 22:20:24.649567+00	0	2	8	20	44
KLACUSDT	2026-10-05 00:00:48.648247+00	3	6	12	24	48
HYPEUSDT	2026-10-04 21:04:53.188985+00	0	0	0	0	0
HYPEUSDT	2026-10-02 12:14:20.710241+00	0	0	0	0	0
ICPUSDT	2026-10-06 00:39:46.291165+00	0	0	0	0	0
SOONUSDT	2026-09-30 00:11:55.528112+00	3	6	12	24	48
ADAUSDT	2026-10-05 08:57:03.213361+00	3	6	12	24	48
HBARUSDT	2026-10-05 02:26:10.73972+00	0	0	0	10	34
FARTCOINUSDT	2026-10-05 01:15:55.786035+00	0	0	0	0	0
ZROUSDT	2026-10-05 23:14:25.827202+00	3	6	12	24	48
CRVUSDT	2026-09-29 12:26:52.728521+00	0	0	0	0	0
HBARUSDT	2026-10-05 00:50:52.724846+00	0	0	0	0	14
SPCXUSDT	2026-10-03 13:15:25.752973+00	3	6	12	24	48
ETHUSDT	2026-10-04 22:09:59.871782+00	0	0	0	0	0
MOVRUSDT	2026-10-01 00:23:09.18542+00	0	0	0	0	0
SANDUSDT	2026-10-02 16:26:51.482277+00	0	0	1	13	37
STRKUSDT	2026-10-04 02:02:04.472078+00	0	0	0	0	0
ADAUSDT	2026-10-05 14:17:58.930906+00	3	6	12	24	48
CRVUSDT	2026-09-29 14:07:03.913589+00	0	0	0	0	0
KLACUSDT	2026-10-04 22:45:29.50456+00	3	6	12	24	48
SOLUSDT	2026-10-04 12:48:36.54245+00	3	6	12	24	48
HYPEUSDT	2026-10-02 11:34:17.536832+00	0	0	0	0	0
STRKUSDT	2026-10-04 13:53:50.229004+00	3	6	12	24	48
CRVUSDT	2026-09-29 13:31:58.770355+00	0	0	0	0	0
STRKUSDT	2026-10-04 03:17:17.977288+00	0	0	0	0	0
SANDUSDT	2026-10-02 17:21:57.160312+00	3	6	12	24	48
MSTRUSDT	2026-10-02 13:16:47.1446+00	3	6	12	24	48
AKTUSDT	2026-10-05 04:11:31.612393+00	0	0	0	0	0
LITUSDT	2026-10-05 12:47:58.532268+00	0	0	0	0	0
VIRTUALUSDT	2026-10-05 09:17:21.968281+00	3	6	12	24	48
KLACUSDT	2026-10-04 21:10:09.286535+00	0	0	0	6	30
XRPUSDT	2026-10-02 10:08:59.784469+00	3	6	12	24	48
FARTCOINUSDT	2026-10-05 01:10:52.032965+00	0	0	0	0	0
ICPUSDT	2026-10-06 00:24:44.74777+00	0	0	0	0	0
NILUSDT	2026-10-05 07:12:00.625382+00	0	0	0	0	0
SOLUSDT	2026-10-04 14:38:53.54635+00	3	6	12	24	48
LINKUSDT	2026-10-04 22:25:13.587139+00	0	0	0	0	0
ICPUSDT	2026-09-30 01:22:10.392871+00	3	6	12	24	48
SOLUSDT	2026-10-04 12:13:32.765065+00	3	6	12	24	48
SPCXUSDT	2026-10-03 09:39:49.343762+00	0	1	7	19	43
ADAUSDT	2026-10-05 11:02:23.630295+00	3	6	12	24	48
BTCUSDT	2026-10-02 13:46:34.396472+00	3	6	12	24	48
HYPEUSDT	2026-09-30 23:07:53.951521+00	3	6	12	24	48
XRPUSDT	2026-10-02 10:34:00.733241+00	3	6	12	24	48
BNBUSDT	2026-10-04 09:53:17.344548+00	0	0	0	0	0
ORCAUSDT	2026-10-06 06:45:43.540649+00	2	5	11	23	47
CRVUSDT	2026-09-29 15:42:12.873672+00	0	0	0	0	0
BNBUSDT	2026-10-04 09:58:18.012321+00	0	0	0	0	0
HYPEUSDT	2026-10-04 20:59:51.333766+00	0	0	0	0	0
XRPUSDT	2026-10-02 12:51:29.009514+00	3	6	12	24	48
SPCXUSDT	2026-10-03 09:54:53.680369+00	1	4	10	22	46
SANDUSDT	2026-10-02 14:31:50.288359+00	0	0	0	0	14
STRKUSDT	2026-10-04 02:12:06.939934+00	0	0	0	0	0
CRVUSDT	2026-09-29 14:02:01.892014+00	0	0	0	0	0
HBARUSDT	2026-10-05 00:45:51.726105+00	0	0	0	0	13
SOLUSDT	2026-10-04 10:58:22.794061+00	3	6	12	24	48
BTCUSDT	2026-10-04 17:49:19.035752+00	0	0	3	15	39
BTCUSDT	2026-10-02 03:35:14.18045+00	0	0	0	0	0
ADAUSDT	2026-10-05 00:30:29.942288+00	0	0	0	0	0
STRKUSDT	2026-10-04 06:47:47.669388+00	0	0	0	0	0
MSTRUSDT	2026-10-02 00:45:12.598464+00	3	6	12	24	48
KLACUSDT	2026-10-04 22:05:21.728786+00	0	0	5	17	41
STRKUSDT	2026-10-04 03:12:17.094882+00	0	0	0	0	0
ORCAUSDT	2026-10-06 11:55:56.107297+00	3	6	11	11	11
PUMPFUNUSDT	2026-10-04 05:27:32.20897+00	3	6	12	24	48
CRVUSDT	2026-09-29 15:37:12.45509+00	0	0	0	0	0
NILUSDT	2026-10-05 07:01:58.796677+00	0	0	0	0	0
MAGMAUSDT	2026-10-02 22:13:01.62347+00	0	0	0	0	0
ORCAUSDT	2026-10-06 10:46:10.957592+00	3	6	12	24	24
STRKUSDT	2026-10-05 01:05:38.275628+00	3	6	12	24	48
SOLUSDT	2026-10-04 15:44:00.213049+00	3	6	12	24	48
RLCUSDT	2026-10-06 00:19:25.681012+00	0	0	0	0	0
XAUUSDT	2026-10-05 00:50:46.393251+00	0	0	0	0	0
NEARUSDT	2026-10-05 19:28:43.68378+00	3	6	12	24	48
MOVRUSDT	2026-09-30 21:52:51.353894+00	0	0	0	0	0
DOGEUSDT	2026-10-05 01:35:44.593062+00	0	0	0	10	34
XRPUSDT	2026-10-04 21:44:58.912604+00	3	6	12	24	48
BTCUSDT	2026-10-04 15:23:57.664465+00	0	0	0	0	10
XAUUSDT	2026-10-05 01:30:54.819461+00	0	0	0	0	0
ORCAUSDT	2026-10-06 08:00:48.710514+00	3	6	12	24	48
BTCUSDT	2026-10-04 17:34:17.437877+00	0	0	0	12	36
NEARUSDT	2026-10-01 06:08:50.482315+00	0	0	0	0	0
STRKUSDT	2026-10-04 06:57:48.438241+00	0	0	0	0	0
STRKUSDT	2026-10-04 03:07:15.791297+00	0	0	0	0	0
KLACUSDT	2026-10-04 23:10:36.025861+00	3	6	12	24	48
ETHUSDT	2026-10-04 08:02:55.051381+00	0	0	5	17	41
ICPUSDT	2026-09-30 01:17:09.102185+00	3	6	12	24	48
AXSUSDT	2026-10-04 11:33:40.709268+00	0	0	0	0	0
SANDUSDT	2026-10-02 15:06:55.191138+00	0	0	0	0	21
BNBUSDT	2026-10-04 10:03:19.976989+00	0	0	0	0	0
ORCAUSDT	2026-10-06 15:25:48.89743+00	0	0	0	0	0
SOONUSDT	2026-09-29 21:26:35.903544+00	0	3	9	21	45
FARTCOINUSDT	2026-10-05 00:35:46.078938+00	0	0	0	0	0
PUMPFUNUSDT	2026-09-29 21:36:24.154835+00	2	5	11	23	47
HYPEUSDT	2026-10-04 21:29:58.048678+00	0	0	0	0	0
ADAUSDT	2026-10-05 07:46:50.352201+00	3	6	12	24	48
RLCUSDT	2026-10-06 00:29:26.895868+00	0	0	0	0	0
SPCXUSDT	2026-10-03 14:00:38.966696+00	3	6	12	24	48
BNBUSDT	2026-10-04 22:10:13.353399+00	0	0	0	0	0
AKTUSDT	2026-10-05 03:36:24.126785+00	0	0	0	0	0
NEARUSDT	2026-10-04 11:38:31.063926+00	0	0	0	0	0
MOVRUSDT	2026-09-30 22:07:54.575306+00	0	0	0	0	0
KLACUSDT	2026-10-04 21:30:13.894133+00	0	0	0	10	34
NMRUSDT	2026-10-07 03:37:58.884104+00	0	3	9	21	38
KLACUSDT	2026-10-04 20:55:08.145547+00	0	0	0	3	27
PUMPFUNUSDT	2026-10-04 06:57:47.534243+00	3	6	12	24	48
XRPUSDT	2026-10-04 21:29:54.741194+00	3	6	12	24	48
DOGEUSDT	2026-10-05 00:50:34.470819+00	0	0	0	1	25
STRKUSDT	2026-10-04 13:58:50.753434+00	3	6	12	24	48
MSTRUSDT	2026-10-02 13:51:48.353673+00	3	6	12	24	48
VIRTUALUSDT	2026-10-05 09:22:21.30232+00	3	6	12	24	48
SOLUSDT	2026-10-04 12:53:36.63621+00	3	6	12	24	48
SOONUSDT	2026-09-29 21:41:37.216576+00	3	6	12	24	48
KLACUSDT	2026-10-04 21:45:16.933559+00	0	0	1	13	37
BTCUSDT	2026-10-04 15:54:01.798358+00	0	0	0	0	16
SANDUSDT	2026-10-02 23:22:55.874395+00	3	6	12	24	48
ADAUSDT	2026-10-05 13:22:47.780937+00	3	6	12	24	48
DOGEUSDT	2026-10-05 02:25:52.752379+00	0	2	8	20	44
USELESSUSDT	2026-10-04 04:27:39.416077+00	3	6	12	24	48
ORCAUSDT	2026-10-06 11:50:54.862725+00	3	6	12	12	12
STRKUSDT	2026-10-04 05:22:34.839226+00	0	0	0	0	0
ORCAUSDT	2026-10-06 06:35:41.644199+00	0	3	9	21	45
KLACUSDT	2026-10-04 21:20:12.222861+00	0	0	0	8	32
PUMPFUNUSDT	2026-10-04 04:22:23.338493+00	1	4	10	22	46
RLCUSDT	2026-10-06 01:44:37.252314+00	0	0	0	0	0
SPCXUSDT	2026-10-02 17:17:10.111629+00	0	1	7	19	43
MOVRUSDT	2026-10-01 18:44:18.806932+00	0	0	0	0	0
SPCXUSDT	2026-10-02 17:47:16.552262+00	3	6	12	24	48
AVAXUSDT	2026-10-06 09:40:56.965957+00	3	6	12	24	48
HYPEUSDT	2026-10-02 10:54:07.060367+00	0	0	0	0	0
SPCXUSDT	2026-10-06 08:30:43.766514+00	1	4	10	22	46
MOVRUSDT	2026-10-01 16:04:01.136496+00	0	0	0	0	0
HYPEUSDT	2026-10-05 18:18:32.196954+00	0	0	0	0	0
SPCXUSDT	2026-10-03 13:55:33.556059+00	3	6	12	24	48
SPCXUSDT	2026-10-06 16:56:03.111846+00	3	6	12	24	48
STRKUSDT	2026-10-04 05:12:32.504818+00	0	0	0	0	0
SANDUSDT	2026-10-02 22:57:51.193154+00	0	2	8	20	44
SPCXUSDT	2026-10-03 10:19:57.879553+00	3	6	12	24	48
AVAXUSDT	2026-10-06 23:42:20.937012+00	0	1	7	19	43
BTCUSDT	2026-10-04 15:28:58.672436+00	0	0	0	0	11
XRPUSDT	2026-10-02 09:38:54.116966+00	3	6	12	24	48
1000PEPEUSDT	2026-10-05 10:32:26.851366+00	0	0	0	0	0
PONSUSDT	2026-10-06 18:16:32.900155+00	0	1	7	19	43
PUMPFUNUSDT	2026-10-04 04:47:27.373238+00	3	6	12	24	48
SPCXUSDT	2026-10-06 11:40:50.627037+00	3	6	12	24	48
SPCXUSDT	2026-10-03 13:40:30.01148+00	3	6	12	24	48
MSTRUSDT	2026-10-02 00:20:12.093137+00	3	6	12	24	48
SOLUSDT	2026-10-04 11:43:30.393624+00	3	6	12	24	48
ASTERUSDT	2026-09-30 14:23:50.482279+00	0	0	3	15	39
ADAUSDT	2026-10-05 09:12:04.824875+00	3	6	12	24	48
MONUSDT	2026-10-01 17:54:22.908926+00	3	6	12	24	48
MAGMAUSDT	2026-10-02 22:18:01.120468+00	0	0	0	0	0
AVAXUSDT	2026-10-06 07:45:39.72091+00	0	0	0	9	33
NMRUSDT	2026-10-07 03:17:57.711751+00	0	0	5	17	38
PONSUSDT	2026-10-06 18:46:36.285481+00	3	6	12	24	48
STRKUSDT	2026-10-04 07:22:54.060573+00	0	0	0	0	0
XRPUSDT	2026-10-04 21:24:53.142184+00	3	6	12	24	48
SPCXUSDT	2026-10-06 16:15:54.7702+00	3	6	12	24	48
RLCUSDT	2026-10-06 01:39:36.696663+00	0	0	0	0	0
KORUUSDT	2026-10-02 15:17:11.542763+00	0	0	0	0	0
XRPUSDT	2026-10-04 15:59:04.666731+00	0	0	0	0	0
AXSUSDT	2026-10-04 08:18:15.43218+00	0	0	0	0	0
SNDKUSDT	2026-10-01 03:28:41.730379+00	3	6	12	24	48
KLACUSDT	2026-10-04 22:00:21.023344+00	0	0	4	16	40
SPCXUSDT	2026-10-02 17:22:11.748039+00	0	2	8	20	44
CRVUSDT	2026-09-29 12:41:56.579665+00	0	0	0	0	0
VIRTUALUSDT	2026-10-05 08:37:15.485152+00	3	6	12	24	48
SOLUSDT	2026-10-04 15:33:58.970841+00	3	6	12	24	48
SOLUSDT	2026-10-04 15:38:59.258402+00	3	6	12	24	48
SPCXUSDT	2026-10-02 17:57:18.884515+00	3	6	12	24	48
HYPEUSDT	2026-10-02 10:44:05.144418+00	0	0	0	0	0
XRPUSDT	2026-10-02 10:59:04.800786+00	3	6	12	24	48
SPCXUSDT	2026-10-06 11:06:09.847742+00	3	6	12	24	48
SOONUSDT	2026-09-30 09:58:03.519331+00	3	6	12	24	48
VIRTUALUSDT	2026-10-05 08:47:16.21272+00	3	6	12	24	48
NILUSDT	2026-10-05 06:56:57.941193+00	0	0	0	0	0
GRASSUSDT	2026-09-29 14:57:09.631329+00	0	0	0	0	0
SOONUSDT	2026-09-30 11:03:13.386304+00	3	6	12	24	39
AXSUSDT	2026-10-04 11:43:42.695972+00	0	0	0	0	0
KLACUSDT	2026-10-04 23:05:35.90772+00	3	6	12	24	48
HYPEUSDT	2026-10-04 22:25:09.222459+00	0	0	0	0	0
AVAXUSDT	2026-10-06 13:36:41.405749+00	3	6	12	24	48
DOGEUSDT	2026-10-04 23:25:22.350956+00	0	0	0	0	8
SPCXUSDT	2026-10-06 05:50:19.522526+00	0	0	0	0	14
ICPUSDT	2026-09-29 16:32:27.63842+00	0	0	0	0	0
SOLUSDT	2026-10-04 11:53:29.490412+00	3	6	12	24	48
MSTRUSDT	2026-10-01 18:54:37.249019+00	0	0	0	0	0
LITUSDT	2026-10-05 13:07:59.621546+00	0	0	0	0	0
ZROUSDT	2026-10-05 23:19:26.218706+00	3	6	12	24	48
KORUUSDT	2026-10-02 15:32:17.080929+00	0	0	0	0	0
NMRUSDT	2026-10-07 03:22:57.693033+00	0	0	6	18	38
ORCAUSDT	2026-10-06 10:41:09.839532+00	3	6	12	24	25
BTCUSDT	2026-10-02 13:26:33.237239+00	1	4	10	22	46
GRASSUSDT	2026-09-29 15:12:11.377132+00	0	0	0	0	0
BTCUSDT	2026-10-02 03:10:10.920221+00	0	0	0	0	0
STRKUSDT	2026-10-04 01:47:01.388482+00	0	0	0	0	0
XAUUSDT	2026-10-05 01:00:47.367992+00	0	0	0	0	0
ADAUSDT	2026-10-05 10:57:22.934473+00	3	6	12	24	48
NMRUSDT	2026-10-07 02:37:50.369183+00	0	0	0	9	33
SOONUSDT	2026-09-29 23:41:51.165651+00	3	6	12	24	48
AVAXUSDT	2026-10-06 08:30:47.3924+00	0	0	6	18	42
AVAXUSDT	2026-10-06 09:00:50.227753+00	3	6	12	24	48
BNBUSDT	2026-10-04 23:20:28.977422+00	0	0	0	0	0
HYPEUSDT	2026-10-04 05:47:36.230843+00	0	0	5	17	41
PUMPFUNUSDT	2026-09-29 22:16:26.97884+00	3	6	12	24	48
MOVRUSDT	2026-10-01 15:59:02.289871+00	0	0	0	0	0
ZROUSDT	2026-10-02 14:11:58.261471+00	0	0	0	0	0
STRKUSDT	2026-10-04 03:02:17.038688+00	0	0	0	0	0
STRKUSDT	2026-10-04 01:36:58.316493+00	0	0	0	0	0
SOLUSDT	2026-10-04 13:58:47.545929+00	3	6	12	24	48
XRPUSDT	2026-10-02 13:06:30.362936+00	3	6	12	24	48
SOONUSDT	2026-09-30 14:28:39.292129+00	0	0	0	0	0
AVAXUSDT	2026-10-06 08:55:49.845684+00	2	5	11	23	47
PONSUSDT	2026-10-06 18:41:34.411826+00	3	6	12	24	48
KLACUSDT	2026-10-04 21:25:12.875754+00	0	0	0	9	33
ADAUSDT	2026-10-05 10:12:15.859818+00	3	6	12	24	48
SPCXUSDT	2026-10-06 12:20:56.173392+00	3	6	12	24	48
BTCUSDT	2026-10-04 20:29:43.395499+00	3	6	12	24	48
PUMPFUNUSDT	2026-09-29 21:26:24.174351+00	0	3	9	21	45
XAGUSDT	2026-10-05 11:12:35.121302+00	0	0	6	18	42
MSTRUSDT	2026-10-02 12:56:42.413162+00	3	6	12	24	48
XAGUSDT	2026-10-05 11:02:32.947349+00	0	0	4	16	40
SANDUSDT	2026-10-07 07:48:57.132305+00	0	0	0	0	0
USELESSUSDT	2026-10-04 02:37:22.135363+00	3	6	12	24	48
LITUSDT	2026-10-05 12:58:00.053504+00	0	0	0	0	0
SPCXUSDT	2026-10-06 12:05:54.24474+00	3	6	12	24	48
ORCAUSDT	2026-10-06 08:05:48.331583+00	3	6	12	24	48
SOLUSDT	2026-10-04 12:38:36.531165+00	3	6	12	24	48
SPCXUSDT	2026-10-06 15:50:50.33688+00	3	6	12	24	48
HYPEUSDT	2026-10-04 04:42:26.766516+00	0	0	0	4	28
STRKUSDT	2026-10-04 02:07:06.83981+00	0	0	0	0	0
SNDKUSDT	2026-10-01 03:23:43.833301+00	3	6	12	24	48
XRPUSDT	2026-10-04 21:49:58.93531+00	3	6	12	24	48
KLACUSDT	2026-10-04 22:30:25.790448+00	1	4	10	22	46
HYPEUSDT	2026-10-02 11:04:10.363557+00	0	0	0	0	0
PUMPFUNUSDT	2026-09-29 19:46:11.818516+00	0	0	0	1	25
HBARUSDT	2026-10-05 03:41:24.523094+00	3	6	12	24	48
XRPUSDT	2026-10-04 16:54:12.150837+00	0	0	0	0	0
SANDUSDT	2026-10-02 17:36:59.902921+00	3	6	12	24	48
CRVUSDT	2026-09-29 12:46:54.591621+00	0	0	0	0	0
MONUSDT	2026-10-01 20:19:37.059175+00	3	6	12	24	48
BNBUSDT	2026-10-04 21:25:04.358493+00	0	0	0	0	0
KLACUSDT	2026-10-04 21:00:09.437435+00	0	0	0	4	28
SOLUSDT	2026-10-04 09:58:11.111237+00	0	1	7	19	43
ASTERUSDT	2026-09-30 15:12:53.944532+00	3	6	12	24	48
ADAUSDT	2026-10-05 10:17:16.747325+00	3	6	12	24	48
ADAUSDT	2026-10-05 11:12:25.898207+00	3	6	12	24	48
STRKUSDT	2026-10-05 00:55:34.700623+00	1	4	10	22	46
ASTERUSDT	2026-09-30 15:42:57.150434+00	3	6	12	24	48
AVAXUSDT	2026-10-06 23:47:20.678451+00	0	2	8	20	44
MSTRUSDT	2026-10-02 02:35:22.823059+00	3	6	12	24	48
XRPUSDT	2026-10-04 22:00:02.125606+00	3	6	12	24	48
CRVUSDT	2026-09-29 13:57:00.949239+00	0	0	0	0	0
HYPEUSDT	2026-10-04 21:09:54.247648+00	0	0	0	0	0
SOLUSDT	2026-10-04 12:28:34.373644+00	3	6	12	24	48
ZROUSDT	2026-10-03 19:21:10.356728+00	3	6	12	24	48
LINKUSDT	2026-10-04 22:55:20.257414+00	0	0	0	0	0
NILUSDT	2026-10-05 18:48:49.250042+00	1	4	10	22	46
MSTRUSDT	2026-10-02 12:51:42.027906+00	3	6	12	24	48
HYPEUSDT	2026-10-04 11:23:31.066609+00	3	6	12	24	37
SPCXUSDT	2026-10-06 14:06:43.063309+00	3	6	12	24	48
