1	BTCUSDT	USDT	linear	Trading
2	ETHUSDT	USDT	linear	Trading
3	HYPEUSDT	USDT	linear	Trading
5	DOGEUSDT	USDT	linear	Trading
6	SNDKUSDT	USDT	linear	Trading
10	SPCXUSDT	USDT	linear	Trading
13	SOLUSDT	USDT	linear	Trading
14	XAUUSDT	USDT	linear	Trading
15	LINKUSDT	USDT	linear	Trading
18	BNBUSDT	USDT	linear	Trading
19	XAUTUSDT	USDT	linear	Trading
20	LITUSDT	USDT	linear	Trading
22	XRPUSDT	USDT	linear	Trading
24	WLDUSDT	USDT	linear	Trading
25	MONUSDT	USDT	linear	Trading
27	1000PEPEUSDT	USDT	linear	Trading
28	VIRTUALUSDT	USDT	linear	Trading
31	CLUSDT	USDT	linear	Trading
33	FARTCOINUSDT	USDT	linear	Trading
36	XAGUSDT	USDT	linear	Trading
39	ADAUSDT	USDT	linear	Trading
40	NEARUSDT	USDT	linear	Trading
43	KORUUSDT	USDT	linear	Trading
48	AVAXUSDT	USDT	linear	Trading
50	PUMPFUNUSDT	USDT	linear	Trading
52	ZROUSDT	USDT	linear	Trading
68	MOVRUSDT	USDT	linear	Trading
72	MAGMAUSDT	USDT	linear	Trading
73	MSTRUSDT	USDT	linear	Trading
83	NILUSDT	USDT	linear	Trading
99	USELESSUSDT	USDT	linear	Trading
100	PONSUSDT	USDT	linear	Trading
102	CRVUSDT	USDT	linear	Trading
110	ASTERUSDT	USDT	linear	Trading
126	ORCAUSDT	USDT	linear	Trading
127	ICPUSDT	USDT	linear	Trading
129	AEROUSDT	USDT	linear	Trading
158	STRKUSDT	USDT	linear	Trading
167	HBARUSDT	USDT	linear	Trading
182	QNTUSDT	USDT	linear	Trading
188	GRASSUSDT	USDT	linear	Trading
192	KLACUSDT	USDT	linear	Trading
193	SOONUSDT	USDT	linear	Trading
194	USUSDT	USDT	linear	Trading
198	NMRUSDT	USDT	linear	Trading
204	SANDUSDT	USDT	linear	Trading
207	ATHUSDT	USDT	linear	Trading
209	AXSUSDT	USDT	linear	Trading
212	AKTUSDT	USDT	linear	Trading
213	RLCUSDT	USDT	linear	Trading
